name_ja,jleague_id,no
師岡 柊生,1637049,19
山田 大樹,1618487,21
吉田 湊海,1646924,30
上山 海翔,1646371,37
島谷 義進,1646766,41
春名 竜聖,1632426,51
早川 ウワブライト,1650541,77
川上 航立,1635562,82
安部 裕葵,1607183,7
サミュエル グスタフソン,1645913,11
小森 飛絢,1639183,17
吉田 舜,1500285,31
佐藤 瑠星,1636992,35
田口 泰士,900106,4
田中 和樹,1612122,7
椿 直起,1604302,14
薄井 覇斗,1633180,21
猿田 遥己,1607370,1
山田 雄士,1620802,6
渡井 理己,1617910,11
手塚 康平,1400848,17
熊坂 光希,1637046,27
成瀬 竣平,1604178,31
土屋 巧,1636246,34
古澤 ナベル慈宇,1637066,36
坂田 大樹,1630052,41
小柏 剛,1630184,11
土肥 幹太,1636505,32
俵積田 晃太,1636792,33
荒井 悠汰,1636503,48
後藤 亘,1642031,58
北原 槙,1646471,77
今井 智基,1300071,2
菊池 流帆,1624302,4
カウン ゼン マラ,1630155,17
チャ ジェフン,1650543,28
バスケス バイロン,1636311,39
新井 栄聡,1613204,44
真也加 チュイ 大夢,1648369,60
渡邊 泰基,1504374,15
鈴木 冬一,1601786,25
松原 健,1000273,27
松村 晃助,1639094,41
浅田 大翔,1644613,46
高橋 祐治,900641,3
蓮川 壮大,1603088,4
アフメド アフメドフ,1650727,29
佐々木 智太郎,1643539,30
土居 佑至,1651475,33
西原 源樹,1646181,44
マテウス カストロ,1401498,10
榊原 杏太,1635543,28
鈴木 陽人,1637151,32
小屋松 知哉,1400056,58
福岡 慎平,1601787,10
ファンティーニ 燦,1610978,36
村上 昌謙,1400638,94
林 大地,1627550,9
一森 純,1500558,22
張 奥林,1641368,31
中野 伸哉,1622204,47
植中 朝日,1629465,55
中村 拓海,1624315,2
上門 知樹,1600232,7
大迫 塁,1640498,34
ルーカス フェルナンデス,1624314,77
新井 章太,1100216,21
岩波 拓也,1101309,31
ウボングリチャードマンデー,1650731,32
橋本 陸斗,1632421,33
冨永 虹七,1631766,35
瀬口 大翔,1651140,51
渡辺 隼斗,1648380,53
入江 羚介,1651943,57
里見 汰福,1648381,
田部井 涼,1632973,14
末吉 塁,1621197,17
末宗 寛士郎,1647806,30
千田 遼,1647807,31
ブラウン ノア 賢信,1622681,45
茶島 雄介,1400065,25
越道 草太,1632409,32
ヒル 袈依廉,1635373,38
小川 煌,1650439,43
小林 志紋,1650817,45
城後 寿,500345,10
キム ムンヒョン,1651274,19
池田 樹雷人,1500496,40
宮 大樹,1604991,45
前田 一翔,1641374,49
前田 陽輝,1651799,53