背番号,クラブ名,選手名,生年月日,JリーグID
1,鹿島アントラーズ,早川　友基,1999/3/3,1632225
2,鹿島アントラーズ,安西　幸輝,1995/5/31,1301053
3,鹿島アントラーズ,キム　テヒョン,2000/9/17,1625413
4,鹿島アントラーズ,千田　海人,1994/10/17,1604671
5,鹿島アントラーズ,関川　郁万,2000/9/13,1614200
6,鹿島アントラーズ,三竿　健斗,1996/4/16,1400757
7,鹿島アントラーズ,小川　諒也,1996/11/24,1500256
9,鹿島アントラーズ,レオ　セアラ,1995/2/3,1600257
10,鹿島アントラーズ,柴崎　岳,1992/5/28,1100202
11,鹿島アントラーズ,田川　亨介,1999/2/11,1603090
13,鹿島アントラーズ,知念　慶,1995/3/17,1607292
14,鹿島アントラーズ,樋口　雄太,1996/10/30,1624342
16,鹿島アントラーズ,溝口　修平,2004/2/13,1636235
17,鹿島アントラーズ,エウベル,1992/5/27,1632263
19,鹿島アントラーズ,師岡　柊生,2000/12/9,1637049
20,鹿島アントラーズ,舩橋　佑,2002/7/12,1631701
21,鹿島アントラーズ,山田　大樹,2002/1/8,1618487
22,鹿島アントラーズ,濃野　公人,2002/3/26,1645865
23,鹿島アントラーズ,津久井　佳祐,2004/5/21,1640644
24,鹿島アントラーズ,林　晴己,2003/12/5,1639689
25,鹿島アントラーズ,小池　龍太,1995/8/29,1500561
27,鹿島アントラーズ,松村　優太,2001/4/13,1629407
28,鹿島アントラーズ,大川　佑梧,2007/7/14,1646893
29,鹿島アントラーズ,梶川　裕嗣,1991/7/26,1400087
30,鹿島アントラーズ,吉田　湊海,2008/7/15,1646924
31,鹿島アントラーズ,藤井　陽登,2003/6/5,1645030
32,鹿島アントラーズ,松本　遥翔,2006/9/29,1644451
34,鹿島アントラーズ,徳田　誉,2007/2/18,1644450
35,鹿島アントラーズ,元砂　晏翔仁　ウデンバ,2009/3/10,1647819
40,鹿島アントラーズ,鈴木　優磨,1996/4/26,1400359
55,鹿島アントラーズ,植田　直通,1994/10/24,1300052
71,鹿島アントラーズ,荒木　遼太郎,2002/1/29,1622201
77,鹿島アントラーズ,チャヴリッチ,1994/5/18,1646090
2,水戸ホーリーホック,ダニーロ,1997/3/27,1650818
3,水戸ホーリーホック,大崎　航詩,1998/6/30,1632269
4,水戸ホーリーホック,牛澤　健,2001/4/11,1641535
5,水戸ホーリーホック,井上　聖也,1999/11/9,1632532
6,水戸ホーリーホック,飯田　貴敬,1994/8/31,1603283
7,水戸ホーリーホック,大森　渚生,1999/8/19,1636260
8,水戸ホーリーホック,加藤　千尋,1998/12/12,1500277
9,水戸ホーリーホック,根本　凌,2000/2/3,1630109
10,水戸ホーリーホック,渡邉　新太,1995/8/5,1503340
11,水戸ホーリーホック,鳥海　芳樹,1998/8/1,1600011
13,水戸ホーリーホック,粟飯原　尚平,1996/5/26,1624311
14,水戸ホーリーホック,新井　瑞希,1997/4/14,1614109
15,水戸ホーリーホック,長尾　優斗,2001/8/31,1624844
17,水戸ホーリーホック,板倉　健太,2002/6/15,1637055
19,水戸ホーリーホック,仙波　大志,1999/8/19,1605464
20,水戸ホーリーホック,パトリッキ,1998/9/5,1656732
21,水戸ホーリーホック,松原　修平,1992/8/11,1000260
24,水戸ホーリーホック,山﨑　希一,2001/10/12,1641542
25,水戸ホーリーホック,真瀬　拓海,1998/5/3,1607143
29,水戸ホーリーホック,多田　圭佑,2002/9/27,1635561
33,水戸ホーリーホック,安藤　晃希,2007/9/22,1650722
34,水戸ホーリーホック,西川　幸之介,2002/9/11,1632233
37,水戸ホーリーホック,上山　海翔,2007/9/10,1646371
39,水戸ホーリーホック,山本　隼大,2003/2/12,1647012
41,水戸ホーリーホック,島谷　義進,2008/3/23,1646766
44,水戸ホーリーホック,奥田　晃也,1994/10/1,1604675
48,水戸ホーリーホック,山下　優人,1996/5/24,1630059
51,水戸ホーリーホック,春名　竜聖,2004/5/1,1632426
53,水戸ホーリーホック,山下　翔大,2008/2/29,1655790
55,水戸ホーリーホック,林　和喜,2008/4/17,1656838
70,水戸ホーリーホック,マテウス　レイリア,1995/1/22,1634967
71,水戸ホーリーホック,フォファナ　マリック,2000/5/2,1647897
77,水戸ホーリーホック,早川　ウワブライト,2006/10/29,1650541
82,水戸ホーリーホック,川上　航立,2002/9/7,1635562
87,水戸ホーリーホック,五木田　季晋,2004/7/12,1641668
89,水戸ホーリーホック,佐々木　輝大,2003/9/29,1646520
1,浦和レッズ,西川　周作,1986/6/18,400563
2,浦和レッズ,宮本　優太,1999/12/15,1631769
3,浦和レッズ,ダニーロ　ボザ,1998/5/6,1651281
4,浦和レッズ,石原　広教,1999/2/26,1603257
5,浦和レッズ,根本　健太,2002/12/13,1636965
7,浦和レッズ,安部　裕葵,1999/1/28,1607183
8,浦和レッズ,マテウス　サヴィオ,1997/4/15,1627458
9,浦和レッズ,イサーク　キーセ　テリン,1992/6/24,1502882
10,浦和レッズ,中島　翔哉,1994/8/23,1200171
11,浦和レッズ,サミュエル　グスタフソン,1995/1/11,1645913
13,浦和レッズ,渡邊　凌磨,1996/10/2,1500294
14,浦和レッズ,関根　貴大,1995/4/19,1400040
16,浦和レッズ,牲川　歩見,1994/5/12,1200619
17,浦和レッズ,小森　飛絢,2000/8/6,1639183
22,浦和レッズ,柴戸　海,1995/11/24,1617891
24,浦和レッズ,松尾　佑介,1997/7/23,1626167
25,浦和レッズ,安居　海渡,2000/2/9,1633165
26,浦和レッズ,荻原　拓也,1999/11/23,1605916
27,浦和レッズ,照内　利和,2006/11/8,1647891
31,浦和レッズ,吉田　舜,1996/11/28,1500285
32,浦和レッズ,片山　瑛一,1991/11/30,1400104
35,浦和レッズ,佐藤　瑠星,2003/10/24,1636992
36,浦和レッズ,肥田野　蓮治,2003/12/1,1643560
37,浦和レッズ,植木　颯,2003/10/11,1641597
38,浦和レッズ,松永　颯汰,2003/10/5,1636974
39,浦和レッズ,早川　隼平,2005/12/5,1636532
40,浦和レッズ,ルカ　ディドゥリカ,2007/9/18,1655794
41,浦和レッズ,二田　理央,2003/4/10,1634323
42,浦和レッズ,田中　義峯,2008/4/5,1651661
43,浦和レッズ,和田　武士,2009/6/5,1651678
45,浦和レッズ,オナイウ　阿道,1995/11/8,1400082
77,浦和レッズ,金子　拓郎,1997/7/30,1624851
88,浦和レッズ,長沼　洋一,1997/4/14,1401506
2,ジェフユナイテッド千葉,髙橋　壱晟,1998/4/20,1504442
3,ジェフユナイテッド千葉,久保庭　良太,2001/10/14,1641150
4,ジェフユナイテッド千葉,田口　泰士,1991/3/16,900106
5,ジェフユナイテッド千葉,小林　祐介,1994/10/23,1200953
6,ジェフユナイテッド千葉,エドゥアルド,1997/2/1,1636316
7,ジェフユナイテッド千葉,田中　和樹,2000/1/13,1612122
8,ジェフユナイテッド千葉,津久井　匠海,2002/4/30,1622683
9,ジェフユナイテッド千葉,呉屋　大翔,1994/1/2,1503479
10,ジェフユナイテッド千葉,カルリーニョス　ジュニオ,1994/8/8,1629926
11,ジェフユナイテッド千葉,米倉　恒貴,1988/5/17,700762
13,ジェフユナイテッド千葉,鈴木　大輔,1990/1/29,701094
14,ジェフユナイテッド千葉,椿　直起,2000/6/23,1604302
15,ジェフユナイテッド千葉,前　貴之,1993/9/16,1100302
18,ジェフユナイテッド千葉,杉山　直宏,1998/9/7,1632219
19,ジェフユナイテッド千葉,ホセ　スアレス,1995/12/18,1636859
20,ジェフユナイテッド千葉,石川　大地,1996/2/22,1503723
21,ジェフユナイテッド千葉,薄井　覇斗,1999/7/11,1633180
23,ジェフユナイテッド千葉,鈴木　椋大,1994/2/10,1000632
24,ジェフユナイテッド千葉,鳥海　晃司,1995/5/9,1618063
26,ジェフユナイテッド千葉,植田　悠太,2004/7/6,1635215
27,ジェフユナイテッド千葉,岩井　琢朗,2002/11/27,1632784
28,ジェフユナイテッド千葉,河野　貴志,1996/6/17,1604890
30,ジェフユナイテッド千葉,松村　拓実,2004/1/3,1655840
32,ジェフユナイテッド千葉,天笠　泰輝,2000/5/11,1630190
33,ジェフユナイテッド千葉,猪狩　祐真,2003/3/3,1647011
35,ジェフユナイテッド千葉,若原　智哉,1999/12/28,1601841
37,ジェフユナイテッド千葉,姫野　誠,2008/8/12,1653085
39,ジェフユナイテッド千葉,石尾　陸登,2001/8/7,1641392
41,ジェフユナイテッド千葉,安井　拓也,1998/11/21,1602931
42,ジェフユナイテッド千葉,イサカ　ゼイン,1997/5/29,1600012
44,ジェフユナイテッド千葉,品田　愛斗,1999/9/19,1604245
46,ジェフユナイテッド千葉,齋藤　隼士,2008/4/12,1656021
47,ジェフユナイテッド千葉,伊藤　暖,2009/3/3,1656019
67,ジェフユナイテッド千葉,日高　大,1995/3/14,1630056
1,柏レイソル,猿田　遥己,1999/4/23,1607370
2,柏レイソル,三丸　拡,1993/7/6,1600210
4,柏レイソル,古賀　太陽,1998/10/28,1603080
6,柏レイソル,山田　雄士,2000/5/17,1620802
8,柏レイソル,小泉　佳穂,1996/10/5,1500292
9,柏レイソル,細谷　真大,2001/9/7,1625303
11,柏レイソル,渡井　理己,1999/7/18,1617910
13,柏レイソル,犬飼　智也,1993/5/12,1200017
14,柏レイソル,大久保　智明,1998/7/23,1627551
15,柏レイソル,小見　洋太,2002/8/11,1632203
16,柏レイソル,汰木　康也,1995/7/3,1300447
17,柏レイソル,手塚　康平,1996/4/6,1400848
18,柏レイソル,垣田　裕暉,1997/7/14,1600141
19,柏レイソル,仲間　隼斗,1992/5/16,1100131
20,柏レイソル,瀬川　祐輔,1994/2/7,1600146
21,柏レイソル,小西　雄大,1998/4/18,1601436
22,柏レイソル,野田　裕喜,1997/7/27,1401518
23,柏レイソル,長南　開史,2009/4/7,1649826
24,柏レイソル,久保　藤次郎,1999/4/5,1634324
25,柏レイソル,小島　亨介,1997/1/30,1300961
26,柏レイソル,杉岡　大暉,1998/9/8,1600029
27,柏レイソル,熊坂　光希,2001/4/15,1637046
28,柏レイソル,戸嶋　祥郎,1995/9/26,1611125
29,柏レイソル,永井　堅梧,1994/11/6,1300058
30,柏レイソル,古谷　柊介,2005/1/26,1641583
31,柏レイソル,成瀬　竣平,2001/1/17,1604178
32,柏レイソル,山之内　佑成,2003/9/1,1637309
33,柏レイソル,岩永　創太,2005/10/7,1643559
34,柏レイソル,土屋　巧,2003/10/25,1636246
36,柏レイソル,古澤　ナベル慈宇,2003/3/28,1637066
37,柏レイソル,角田　惠風,2003/8/18,1651576
38,柏レイソル,島野　怜,2004/1/7,1637253
39,柏レイソル,中川　敦瑛,2002/5/15,1635453
40,柏レイソル,原川　力,1993/8/18,900649
41,柏レイソル,坂田　大樹,1994/9/11,1630052
42,柏レイソル,原田　亘,1996/7/22,1627436
46,柏レイソル,松本　健太,1997/5/4,1627755
56,柏レイソル,常藤　奏,2004/7/13,1641612
87,柏レイソル,山内　日向汰,2001/5/30,1635485
88,柏レイソル,馬場　晴也,2001/10/24,1613331
1,ＦＣ東京,田中　颯,1999/6/10,1636249
2,ＦＣ東京,室屋　成,1994/4/5,1400645
3,ＦＣ東京,森重　真人,1987/5/21,600085
4,ＦＣ東京,木本　恭生,1993/8/6,1400642
5,ＦＣ東京,長友　佑都,1986/9/12,701087
6,ＦＣ東京,バングーナガンデ　佳史扶,2001/9/24,1618671
8,ＦＣ東京,高　宇洋,1998/4/20,1600022
9,ＦＣ東京,マルセロ　ヒアン,2002/6/8,1639139
10,ＦＣ東京,東　慶悟,1990/7/20,900048
11,ＦＣ東京,小柏　剛,1998/7/9,1630184
15,ＦＣ東京,大森　理生,2002/7/21,1625428
16,ＦＣ東京,佐藤　恵允,2001/7/11,1635332
17,ＦＣ東京,稲村　隼翔,2002/5/6,1637095
18,ＦＣ東京,橋本　拳人,1993/8/16,1000641
21,ＦＣ東京,菅原　悠太,2007/9/7,1643407
22,ＦＣ東京,遠藤　渓太,1997/11/22,1600177
23,ＦＣ東京,佐藤　龍之介,2006/10/16,1641151
24,ＦＣ東京,アレクサンダー　ショルツ,1992/10/24,1502901
25,ＦＣ東京,小湊　絆,2004/11/18,1642064
26,ＦＣ東京,長倉　幹樹,1999/10/7,1632774
27,ＦＣ東京,常盤　亨太,2002/4/9,1627192
28,ＦＣ東京,野澤　零温,2003/7/21,1627742
31,ＦＣ東京,小林　将天,2005/9/20,1636506
32,ＦＣ東京,土肥　幹太,2004/11/10,1636505
33,ＦＣ東京,俵積田　晃太,2004/5/14,1636792
37,ＦＣ東京,小泉　慶,1995/4/19,1400051
38,ＦＣ東京,田中　希和,2007/8/7,1644476
39,ＦＣ東京,仲川　輝人,1992/7/27,1400647
42,ＦＣ東京,橋本　健人,1999/12/8,1630141
44,ＦＣ東京,鈴木　楓,2007/6/5,1643405
48,ＦＣ東京,荒井　悠汰,2004/6/13,1636503
50,ＦＣ東京,東　廉太,2004/6/17,1636504
51,ＦＣ東京,渡邊　麻舟,2008/4/24,1646459
52,ＦＣ東京,新堀　恵太,2008/9/25,1646458
55,ＦＣ東京,尾谷　ディヴァインチネドゥ,2007/5/4,1643410
58,ＦＣ東京,後藤　亘,2006/5/8,1642031
71,ＦＣ東京,山田　楓喜,2001/7/10,1628223
77,ＦＣ東京,北原　槙,2009/7/7,1646471
81,ＦＣ東京,キム　スンギュ,1990/9/30,801425
1,東京ヴェルディ,マテウス,1993/4/10,1629480
4,東京ヴェルディ,林　尚輝,1998/6/9,1632226
5,東京ヴェルディ,井上　竜太,2000/7/25,1635527
6,東京ヴェルディ,宮原　和也,1996/3/22,1300182
7,東京ヴェルディ,松橋　優安,2001/10/27,1629684
8,東京ヴェルディ,齋藤　功佑,1997/6/16,1600180
9,東京ヴェルディ,染野　唯月,2001/9/12,1629408
10,東京ヴェルディ,森田　晃樹,2000/8/8,1614206
11,東京ヴェルディ,山見　大登,1999/8/16,1633603
13,東京ヴェルディ,山田　剛綺,2000/9/19,1640430
14,東京ヴェルディ,福田　湧矢,1999/4/4,1504484
15,東京ヴェルディ,鈴木　海音,2002/8/25,1622187
16,東京ヴェルディ,平川　怜,2000/4/20,1601785
17,東京ヴェルディ,稲見　哲行,1999/4/5,1634685
21,東京ヴェルディ,長沢　祐弥,1996/7/1,1624403
22,東京ヴェルディ,内田　陽介,2002/8/20,1635351
23,東京ヴェルディ,深澤　大輝,1998/8/21,1629919
24,東京ヴェルディ,仲山　獅恩,2007/10/16,1643253
25,東京ヴェルディ,熊取谷　一星,2003/2/14,1635352
27,東京ヴェルディ,白井　亮丞,2005/5/17,1642054
28,東京ヴェルディ,山本　丈偉,2006/5/18,1643252
29,東京ヴェルディ,佐古　真礼,2002/12/2,1622199
30,東京ヴェルディ,川村　楽人,2006/4/6,1643251
31,東京ヴェルディ,馬渡　洋樹,1994/8/16,1607363
35,東京ヴェルディ,田邉　秀斗,2002/5/5,1632232
36,東京ヴェルディ,松田　陸,1999/5/3,1606879
40,東京ヴェルディ,新井　悠太,2003/3/24,1637097
41,東京ヴェルディ,中村　圭佑,2005/4/27,1645943
42,東京ヴェルディ,今井　健人,2007/10/31,1647791
45,東京ヴェルディ,寺沼　星文,2001/3/8,1635473
51,東京ヴェルディ,大藤　颯太,2007/8/7,1646772
55,東京ヴェルディ,吉田　泰授,2000/4/21,1639000
71,東京ヴェルディ,平尾　勇人,2005/1/6,1642068
1,ＦＣ町田ゼルビア,谷　晃生,2000/11/22,1602204
2,ＦＣ町田ゼルビア,今井　智基,1990/11/29,1300071
3,ＦＣ町田ゼルビア,昌子　源,1992/12/11,1100212
4,ＦＣ町田ゼルビア,菊池　流帆,1996/12/9,1624302
5,ＦＣ町田ゼルビア,ドレシェヴィッチ,1997/1/24,1645998
6,ＦＣ町田ゼルビア,望月　ヘンリー海輝,2001/9/20,1635501
7,ＦＣ町田ゼルビア,相馬　勇紀,1997/2/25,1604777
8,ＦＣ町田ゼルビア,仙頭　啓矢,1994/12/29,1607204
9,ＦＣ町田ゼルビア,藤尾　翔太,2001/5/2,1618640
10,ＦＣ町田ゼルビア,ナ　サンホ,1996/8/12,1621161
11,ＦＣ町田ゼルビア,増山　朝陽,1997/1/29,1500498
13,ＦＣ町田ゼルビア,守田　達弥,1990/8/3,900072
16,ＦＣ町田ゼルビア,前　寛之,1995/8/1,1400075
17,ＦＣ町田ゼルビア,カウン　ゼン　マラ,2002/11/11,1630155
18,ＦＣ町田ゼルビア,下田　北斗,1991/11/7,1400049
19,ＦＣ町田ゼルビア,中山　雄太,1997/2/16,1300872
20,ＦＣ町田ゼルビア,西村　拓真,1996/10/22,1500452
22,ＦＣ町田ゼルビア,沼田　駿也,1999/4/19,1636242
23,ＦＣ町田ゼルビア,白崎　凌兵,1993/5/18,1200059
24,ＦＣ町田ゼルビア,キム　ミンテ,1993/11/26,1500538
26,ＦＣ町田ゼルビア,林　幸多郎,2000/11/16,1635337
27,ＦＣ町田ゼルビア,エリキ,1994/7/18,1627565
28,ＦＣ町田ゼルビア,チャ　ジェフン,2006/5/3,1650543
29,ＦＣ町田ゼルビア,西川　楓人,2004/4/28,1641608
31,ＦＣ町田ゼルビア,ネタ　ラヴィ,1996/8/25,1640980
34,ＦＣ町田ゼルビア,徳村　楓大,2007/11/26,1654126
38,ＦＣ町田ゼルビア,高崎　天史郎,2006/2/13,1642041
39,ＦＣ町田ゼルビア,バスケス　バイロン,2000/5/16,1636311
44,ＦＣ町田ゼルビア,新井　栄聡,1995/9/27,1613204
49,ＦＣ町田ゼルビア,桑山　侃士,2002/11/28,1641528
50,ＦＣ町田ゼルビア,岡村　大八,1997/2/15,1500301
60,ＦＣ町田ゼルビア,真也加　チュイ　大夢,2006/8/11,1648369
88,ＦＣ町田ゼルビア,中村　帆高,1997/8/12,1627745
99,ＦＣ町田ゼルビア,テテ　イェンギ,2000/11/28,1656011
1,川崎フロンターレ,山口　瑠伊,1998/5/28,1602297
2,川崎フロンターレ,松長根　悠仁,2004/9/14,1639108
3,川崎フロンターレ,谷口　栄斗,1999/9/30,1634419
5,川崎フロンターレ,佐々木　旭,2000/1/26,1633162
6,川崎フロンターレ,山本　悠樹,1997/11/6,1627763
8,川崎フロンターレ,橘田　健人,1998/5/29,1630136
9,川崎フロンターレ,エリソン,1999/4/13,1645985
10,川崎フロンターレ,大島　僚太,1993/1/23,1100153
11,川崎フロンターレ,小林　悠,1987/9/23,801035
13,川崎フロンターレ,三浦　颯太,2000/9/7,1634321
14,川崎フロンターレ,脇坂　泰斗,1995/6/11,1614103
15,川崎フロンターレ,名願　斗哉,2004/6/29,1640480
16,川崎フロンターレ,大関　友翔,2005/2/6,1639107
17,川崎フロンターレ,伊藤　達哉,1997/6/26,1614208
18,川崎フロンターレ,紺野　和也,1997/7/11,1624510
19,川崎フロンターレ,河原　創,1998/3/13,1629412
20,川崎フロンターレ,持山　匡佑,2003/8/18,1641674
21,川崎フロンターレ,早坂　勇希,1999/5/22,1632987
22,川崎フロンターレ,フィリップ　ウレモヴィッチ,1997/2/11,1652877
23,川崎フロンターレ,マルシーニョ,1995/5/16,1635026
24,川崎フロンターレ,宮城　天,2001/6/2,1627747
25,川崎フロンターレ,山市　秀翔,2004/1/20,1637126
26,川崎フロンターレ,由井　航太,2005/6/10,1641370
27,川崎フロンターレ,神橋　良汰,2002/6/16,1635370
28,川崎フロンターレ,丸山　祐市,1989/6/16,1101476
29,川崎フロンターレ,山原　怜音,1999/6/8,1632749
30,川崎フロンターレ,野田　裕人,2006/4/5,1650535
31,川崎フロンターレ,関　德晴,2007/4/11,1644608
32,川崎フロンターレ,林　駿佑,2007/5/29,1643987
33,川崎フロンターレ,イ　クンヒョン,2006/5/22,1650544
34,川崎フロンターレ,長　璃喜,2007/10/13,1644660
38,川崎フロンターレ,神田　奏真,2005/12/29,1646000
41,川崎フロンターレ,家長　昭博,1986/6/13,4609
49,川崎フロンターレ,スベンド　ブローダーセン,1997/3/22,1634662
91,川崎フロンターレ,ラザル　ロマニッチ,1998/3/25,1652878
1,横浜Ｆ・マリノス,朴　一圭,1989/12/22,1400253
2,横浜Ｆ・マリノス,加藤　蓮,1999/12/28,1635315
6,横浜Ｆ・マリノス,渡辺　皓太,1998/10/18,1503650
7,横浜Ｆ・マリノス,遠野　大弥,1999/3/14,1626015
8,横浜Ｆ・マリノス,喜田　拓也,1994/8/23,1200129
9,横浜Ｆ・マリノス,谷村　海那,1998/3/5,1630058
11,横浜Ｆ・マリノス,ジョルディ　クルークス,1994/1/15,1632280
13,横浜Ｆ・マリノス,井上　太聖,2002/10/1,1637156
15,横浜Ｆ・マリノス,渡邊　泰基,1999/4/22,1504374
17,横浜Ｆ・マリノス,ジェイソン　キニョーネス,1997/8/17,1650799
18,横浜Ｆ・マリノス,オナイウ　情滋,2000/11/11,1637709
19,横浜Ｆ・マリノス,テヴィス,2006/1/28,1656001
20,横浜Ｆ・マリノス,坪井　湧也,1999/8/23,1605619
21,横浜Ｆ・マリノス,飯倉　大樹,1986/6/1,700801
22,横浜Ｆ・マリノス,角田　涼太朗,1999/6/27,1631700
23,横浜Ｆ・マリノス,宮市　亮,1992/12/14,1100118
24,横浜Ｆ・マリノス,近藤　友喜,2001/3/21,1634319
25,横浜Ｆ・マリノス,鈴木　冬一,2000/5/30,1601786
26,横浜Ｆ・マリノス,ディーン　デイビッド,1996/3/14,1652700
27,横浜Ｆ・マリノス,松原　健,1993/2/16,1000273
28,横浜Ｆ・マリノス,山根　陸,2003/8/17,1631771
29,横浜Ｆ・マリノス,樋口　有斗,2005/3/10,1655876
30,横浜Ｆ・マリノス,ユーリ　アラウージョ,1996/4/13,1652657
31,横浜Ｆ・マリノス,木村　凌也,2003/6/10,1634154
32,横浜Ｆ・マリノス,田中　雄大,2002/10/11,1651575
33,横浜Ｆ・マリノス,諏訪間　幸成,2003/6/6,1631768
34,横浜Ｆ・マリノス,木村　卓斗,2000/5/16,1635326
35,横浜Ｆ・マリノス,関富　貫太,2005/10/23,1643434
39,横浜Ｆ・マリノス,高橋　輝,2004/6/26,1639201
40,横浜Ｆ・マリノス,天野　純,1991/7/19,1400045
41,横浜Ｆ・マリノス,松村　晃助,2004/5/2,1639094
44,横浜Ｆ・マリノス,トーマス　デン,1997/3/20,1600663
46,横浜Ｆ・マリノス,浅田　大翔,2008/1/16,1644613
47,横浜Ｆ・マリノス,三井寺　眞,2010/4/2,1656651
49,横浜Ｆ・マリノス,村上　慶,2007/4/11,1654491
1,清水エスパルス,沖　悠哉,1999/8/22,1603857
3,清水エスパルス,高橋　祐治,1993/4/11,900641
4,清水エスパルス,蓮川　壮大,1998/6/27,1603088
5,清水エスパルス,北爪　健吾,1992/4/30,1400640
6,清水エスパルス,宇野　禅斗,2003/11/20,1636270
7,清水エスパルス,カピシャーバ,1997/1/9,1640499
8,清水エスパルス,井上　健太,1998/7/23,1629905
9,清水エスパルス,オ　セフン,1999/1/15,1503986
10,清水エスパルス,マテウス　ブエノ,1998/7/30,1650728
11,清水エスパルス,中原　輝,1996/7/8,1619676
14,清水エスパルス,パク　スンウク,1997/5/7,1635312
15,清水エスパルス,本多　勇喜,1991/1/2,1300084
16,清水エスパルス,梅田　透吾,2000/7/23,1610934
17,清水エスパルス,弓場　将輝,2002/5/13,1627819
18,清水エスパルス,郡司　璃来,2005/8/3,1645859
20,清水エスパルス,オム　ジュヨン,2007/7/17,1655807
21,清水エスパルス,松崎　快,1997/11/22,1629436
22,清水エスパルス,石川　慧,1992/9/30,1100192
23,清水エスパルス,千葉　寛汰,2003/6/17,1635022
25,清水エスパルス,マテウス　ブルネッティ,1999/11/18,1652394
27,清水エスパルス,針生　涼太,2008/3/7,1651476
28,清水エスパルス,吉田　豊,1990/2/17,800144
29,清水エスパルス,アフメド　アフメドフ,1995/3/4,1650727
30,清水エスパルス,佐々木　智太郎,2007/3/23,1643539
33,清水エスパルス,土居　佑至,2007/5/12,1651475
38,清水エスパルス,髙橋　利樹,1998/1/20,1629414
39,清水エスパルス,日髙　華杜,2003/12/11,1637305
41,清水エスパルス,鈴木　奎吾,2003/7/13,1636971
44,清水エスパルス,西原　源樹,2006/12/16,1646181
47,清水エスパルス,嶋本　悠大,2006/10/26,1650537
49,清水エスパルス,北川　航也,1996/7/26,1400298
50,清水エスパルス,アルフレド　ステファンス,1994/12/25,1652850
51,清水エスパルス,住吉　ジェラニレショーン,1997/10/5,1629435
70,清水エスパルス,高木　践,2002/3/14,1641666
81,清水エスパルス,小塚　和季,1994/8/2,1200373
97,清水エスパルス,大畑　凜生,2003/11/23,1645018
1,名古屋グランパス,シュミット　ダニエル,1992/2/3,1000669
2,名古屋グランパス,野上　結貴,1991/4/20,1200335
3,名古屋グランパス,佐藤　瑶大,1998/9/10,1630125
6,名古屋グランパス,河面　旺成,1994/5/3,1603777
7,名古屋グランパス,和泉　竜司,1993/11/6,1503926
9,名古屋グランパス,浅野　雄也,1997/2/17,1624344
10,名古屋グランパス,マテウス　カストロ,1994/9/11,1401498
11,名古屋グランパス,山岸　祐也,1993/8/29,1503339
13,名古屋グランパス,藤井　陽也,2000/12/26,1618633
14,名古屋グランパス,森島　司,1997/4/25,1502575
15,名古屋グランパス,稲垣　祥,1991/12/25,1400047
16,名古屋グランパス,武田　洋平,1987/6/30,600047
17,名古屋グランパス,内田　宅哉,1998/6/2,1602398
18,名古屋グランパス,永井　謙佑,1989/3/5,801348
19,名古屋グランパス,甲田　英將,2003/10/2,1629920
20,名古屋グランパス,三國　ケネディエブス,2000/6/23,1617705
22,名古屋グランパス,木村　勇大,2001/2/28,1633622
25,名古屋グランパス,マルクス　ヴィニシウス,1998/1/24,1636858
27,名古屋グランパス,中山　克広,1996/7/17,1624306
28,名古屋グランパス,榊原　杏太,2001/10/20,1635543
29,名古屋グランパス,吉田　温紀,2003/4/29,1632477
30,名古屋グランパス,杉浦　駿吾,2006/5/14,1646306
31,名古屋グランパス,高嶺　朋樹,1997/12/29,1625563
32,名古屋グランパス,鈴木　陽人,2005/5/17,1637151
33,名古屋グランパス,菊地　泰智,1999/5/7,1633166
35,名古屋グランパス,ピサノ　アレックス幸冬堀尾,2006/1/10,1645017
36,名古屋グランパス,萩　裕陽,2007/6/12,1651271
37,名古屋グランパス,久保　遥夢,2007/6/18,1644774
41,名古屋グランパス,小野　雅史,1996/8/9,1620717
44,名古屋グランパス,森　壮一朗,2007/6/29,1646309
55,名古屋グランパス,徳元　悠平,1995/9/12,1618069
58,名古屋グランパス,小屋松　知哉,1995/4/24,1400056
66,名古屋グランパス,山中　亮輔,1993/4/20,1000187
70,名古屋グランパス,原　輝綺,1998/7/30,1600025
1,京都サンガF.C.,太田　岳志,1990/12/26,1300001
2,京都サンガF.C.,福田　心之助,2000/9/4,1618852
3,京都サンガF.C.,麻田　将吾,1998/7/6,1603180
5,京都サンガF.C.,アピアタウィア　久,1998/10/18,1618764
6,京都サンガF.C.,ジョアン　ペドロ,1999/9/3,1650730
7,京都サンガF.C.,奥川　雅也,1996/4/14,1400677
8,京都サンガF.C.,米本　拓司,1990/12/3,800823
9,京都サンガF.C.,ラファエル　エリアス,1999/4/12,1647904
10,京都サンガF.C.,福岡　慎平,2000/6/27,1601787
11,京都サンガF.C.,マルコ　トゥーリオ,1998/3/13,1645967
15,京都サンガF.C.,永田　倖大,2002/9/8,1630198
16,京都サンガF.C.,平岡　大陽,2002/9/14,1632231
17,京都サンガF.C.,アレックス　ソウザ,2001/3/24,1655795
18,京都サンガF.C.,松田　天馬,1995/6/11,1613092
19,京都サンガF.C.,デイビッジ　シルバ,2008/2/26,1656652
21,京都サンガF.C.,圍　謙太朗,1991/4/23,1400042
22,京都サンガF.C.,須貝　英大,1998/10/27,1630225
25,京都サンガF.C.,尹　星俊,2007/5/4,1649549
29,京都サンガF.C.,酒井　滉生,2007/10/7,1651136
32,京都サンガF.C.,齊藤　未月,1999/1/10,1502267
33,京都サンガF.C.,山本　楓大,2004/8/23,1655966
34,京都サンガF.C.,エンリケ　トレヴィザン,1997/1/20,1632553
36,京都サンガF.C.,ファンティーニ　燦,1998/5/24,1610978
39,京都サンガF.C.,平戸　太貴,1997/4/18,1401480
40,京都サンガF.C.,石田　侑資,2002/11/11,1622189
41,京都サンガF.C.,立川　遼翔,2007/2/20,1656728
44,京都サンガF.C.,佐藤　響,2000/3/21,1633161
48,京都サンガF.C.,中野　瑠馬,2002/10/6,1622198
50,京都サンガF.C.,鈴木　義宜,1992/9/11,1400353
77,京都サンガF.C.,新井　晴樹,1998/4/12,1634968
88,京都サンガF.C.,グスタボ　バヘット,1995/12/10,1653073
93,京都サンガF.C.,長沢　駿,1988/8/25,700767
94,京都サンガF.C.,村上　昌謙,1992/8/7,1400638
99,京都サンガF.C.,本田　風智,2001/5/10,1625672
1,ガンバ大阪,東口　順昭,1986/5/12,800922
2,ガンバ大阪,福岡　将太,1995/10/24,1400091
3,ガンバ大阪,半田　陸,2002/1/1,1613332
4,ガンバ大阪,中谷　進之介,1996/3/24,1300871
5,ガンバ大阪,三浦　弦太,1995/3/1,1300069
7,ガンバ大阪,宇佐美　貴史,1992/5/6,800763
8,ガンバ大阪,食野　亮太郎,1998/6/18,1601441
9,ガンバ大阪,林　大地,1997/5/23,1627550
10,ガンバ大阪,倉田　秋,1988/11/26,603210
11,ガンバ大阪,イッサム　ジェバリ,1991/12/25,1638665
13,ガンバ大阪,安部　柊斗,1997/12/5,1626372
15,ガンバ大阪,岸本　武流,1997/7/16,1600171
16,ガンバ大阪,鈴木　徳真,1997/3/12,1611123
17,ガンバ大阪,山下　諒也,1997/10/19,1629925
18,ガンバ大阪,荒木　琉偉,2007/10/14,1644201
19,ガンバ大阪,池谷　銀姿郎,2004/6/19,1637147
21,ガンバ大阪,初瀬　亮,1997/7/10,1500573
22,ガンバ大阪,一森　純,1991/7/2,1500558
23,ガンバ大阪,デニス　ヒュメット,1996/9/13,1651448
27,ガンバ大阪,美藤　倫,2002/2/12,1641369
30,ガンバ大阪,フィリップ　マックス,1993/9/30,1656186
31,ガンバ大阪,張　奥林,2005/4/25,1641368
32,ガンバ大阪,吉原　優輝,2004/7/19,1636781
34,ガンバ大阪,横井　佑弥,2008/4/15,1651491
35,ガンバ大阪,當野　泰生,2007/6/2,1653070
36,ガンバ大阪,山本　天翔,2007/8/24,1651449
37,ガンバ大阪,中積　爲,2007/12/19,1651450
38,ガンバ大阪,名和田　我空,2006/7/29,1644969
40,ガンバ大阪,唐山　翔自,2002/9/21,1622203
41,ガンバ大阪,中村　仁郎,2003/8/22,1627456
42,ガンバ大阪,南野　遥海,2004/5/13,1636782
43,ガンバ大阪,野畑　優真,2008/7/13,1653364
44,ガンバ大阪,奥抜　侃志,1999/8/11,1613553
45,ガンバ大阪,丸岡　海太,2008/12/3,1656043
46,ガンバ大阪,村田　康輔,2008/5/22,1656142
47,ガンバ大阪,中野　伸哉,2003/8/17,1622204
48,ガンバ大阪,藤本　祥輝,2009/4/2,1656143
55,ガンバ大阪,植中　朝日,2001/11/1,1629465
67,ガンバ大阪,佐々木　翔悟,2000/7/25,1622613
97,ガンバ大阪,ウェルトン,1997/8/6,1646184
1,セレッソ大阪,福井　光輝,1995/11/4,1609243
2,セレッソ大阪,中村　拓海,2001/3/16,1624315
3,セレッソ大阪,田中　隼人,2003/11/1,1631733
4,セレッソ大阪,井上　黎生人,1997/3/9,1500812
5,セレッソ大阪,喜田　陽,2000/7/4,1601788
6,セレッソ大阪,登里　享平,1990/11/13,900097
7,セレッソ大阪,上門　知樹,1997/4/27,1600232
8,セレッソ大阪,香川　真司,1989/3/17,600064
9,セレッソ大阪,櫻川　ソロモン,2001/8/4,1629394
10,セレッソ大阪,田中　駿汰,1997/5/26,1626013
11,セレッソ大阪,チアゴ　アンドラーデ,2000/10/31,1650806
13,セレッソ大阪,中島　元彦,1999/4/18,1602938
14,セレッソ大阪,横山　夢樹,2005/9/23,1642028
16,セレッソ大阪,奥田　勇斗,2001/4/21,1626010
17,セレッソ大阪,阪田　澪哉,2004/5/11,1640497
18,セレッソ大阪,石渡　ネルソン,2005/5/10,1636521
19,セレッソ大阪,本間　至恩,2000/8/9,1610939
21,セレッソ大阪,キム　ジンヒョン,1987/7/6,900098
23,セレッソ大阪,中村　航輔,1995/2/27,1300080
26,セレッソ大阪,久保　瑛史,2007/9/2,1653084
27,セレッソ大阪,ディオン　クールズ,1996/6/4,1635585
34,セレッソ大阪,大迫　塁,2004/10/13,1640498
35,セレッソ大阪,吉野　恭平,1994/11/8,1200170
39,セレッソ大阪,金本　毅騎,2004/7/30,1651765
42,セレッソ大阪,塩尻　哲平,2008/4/14,1656065
43,セレッソ大阪,エゼモクェ　チメヅェ海,2009/4/2,1651719
44,セレッソ大阪,畠中　槙之輔,1995/8/25,1200623
45,セレッソ大阪,永添　功樹,2009/4/2,1656841
46,セレッソ大阪,イシボウ　拳,2007/8/29,1646291
48,セレッソ大阪,柴山　昌也,2002/7/2,1631738
66,セレッソ大阪,大畑　歩夢,2001/4/27,1627553
77,セレッソ大阪,ルーカス　フェルナンデス,1994/4/24,1624314
97,セレッソ大阪,鷹啄　トラビス,2001/9/17,1635375
99,セレッソ大阪,イェンギ　クシニ,1999/1/15,1638769
1,ヴィッセル神戸,前川　黛也,1994/9/8,1503034
2,ヴィッセル神戸,飯野　七聖,1996/10/2,1611254
3,ヴィッセル神戸,マテウス　トゥーレル,1999/3/10,1639102
4,ヴィッセル神戸,山川　哲史,1997/10/1,1501592
5,ヴィッセル神戸,郷家　友太,1999/6/10,1504456
6,ヴィッセル神戸,扇原　貴宏,1991/10/5,1000053
7,ヴィッセル神戸,井手口　陽介,1996/8/23,1300486
10,ヴィッセル神戸,大迫　勇也,1990/5/18,900142
11,ヴィッセル神戸,武藤　嘉紀,1992/7/15,1000640
13,ヴィッセル神戸,佐々木　大樹,1999/9/17,1612696
14,ヴィッセル神戸,乾　貴士,1988/6/2,700799
15,ヴィッセル神戸,ジエゴ,1995/9/21,1607193
16,ヴィッセル神戸,カエターノ,1999/6/24,1650732
18,ヴィッセル神戸,井出　遥也,1994/3/25,1100860
19,ヴィッセル神戸,満田　誠,1999/7/20,1605463
21,ヴィッセル神戸,新井　章太,1988/11/1,1100216
23,ヴィッセル神戸,広瀬　陸斗,1995/9/23,1400080
24,ヴィッセル神戸,酒井　高徳,1991/3/14,800567
25,ヴィッセル神戸,鍬先　祐弥,1998/5/15,1632201
26,ヴィッセル神戸,ジェアン　パトリッキ,1997/5/14,1636320
28,ヴィッセル神戸,濱﨑　健斗,2007/6/16,1646560
29,ヴィッセル神戸,小松　蓮,1998/9/10,1601839
30,ヴィッセル神戸,山内　翔,2002/1/6,1617442
31,ヴィッセル神戸,岩波　拓也,1994/6/18,1101309
32,ヴィッセル神戸,ウボングリチャードマンデー,2005/10/1,1650731
33,ヴィッセル神戸,橋本　陸斗,2005/4/2,1632421
35,ヴィッセル神戸,冨永　虹七,2004/7/18,1631766
38,ヴィッセル神戸,浦　十藏,2004/5/21,1640481
39,ヴィッセル神戸,髙山　汐生,2001/6/13,1632761
40,ヴィッセル神戸,内野　航太郎,2004/6/19,1639096
41,ヴィッセル神戸,永戸　勝也,1995/1/15,1607075
42,ヴィッセル神戸,本間　ジャスティン,2005/8/26,1643180
43,ヴィッセル神戸,山田　海斗,2006/8/31,1643193
44,ヴィッセル神戸,日髙　光揮,2003/5/11,1636947
45,ヴィッセル神戸,相澤　デイビッド,2003/8/2,1637306
46,ヴィッセル神戸,伊藤　湊太,2007/9/24,1654743
51,ヴィッセル神戸,瀬口　大翔,2008/1/10,1651140
53,ヴィッセル神戸,渡辺　隼斗,2007/4/6,1648380
55,ヴィッセル神戸,宮原　勇太,2005/4/7,1653087
57,ヴィッセル神戸,入江　羚介,2004/11/5,1651943
58,ヴィッセル神戸,大西　湊太,2007/4/12,1653834
71,ヴィッセル神戸,権田　修一,1989/3/3,500796
80,ヴィッセル神戸,ンドカ　ボニフェイス,1996/2/15,1618151
無,ヴィッセル神戸,里見　汰福,2009/4/20,1648381
無,ヴィッセル神戸,川端　彪英,2008/4/4,1655772
無,ヴィッセル神戸,浅田　連,2010/6/10,1656854
無,ヴィッセル神戸,花元　誉絆,2010/11/1,1656855
1,ファジアーノ岡山,レナート　モーザー,1999/12/6,1655816
2,ファジアーノ岡山,工藤　孝太,2003/8/13,1632431
3,ファジアーノ岡山,藤井　海和,2003/2/15,1633186
4,ファジアーノ岡山,阿部　海大,1999/9/18,1504495
5,ファジアーノ岡山,小倉　幸成,2005/4/9,1650860
6,ファジアーノ岡山,大森　博,2002/9/10,1632235
7,ファジアーノ岡山,竹内　涼,1991/3/8,900115
8,ファジアーノ岡山,江坂　任,1992/5/31,1500455
9,ファジアーノ岡山,レオ　ガウショ,2001/8/3,1656733
13,ファジアーノ岡山,松田　駿,2007/5/22,1646862
14,ファジアーノ岡山,田部井　涼,1999/6/25,1632973
17,ファジアーノ岡山,末吉　塁,1996/7/26,1621197
18,ファジアーノ岡山,田上　大地,1993/6/16,1503026
22,ファジアーノ岡山,一美　和成,1997/11/10,1501479
24,ファジアーノ岡山,藤田　息吹,1991/1/30,1300068
26,ファジアーノ岡山,本山　遥,1999/6/5,1636232
27,ファジアーノ岡山,木村　太哉,1998/7/8,1632215
28,ファジアーノ岡山,松本　昌也,1995/1/25,1300072
30,ファジアーノ岡山,末宗　寛士郎,2007/6/10,1647806
31,ファジアーノ岡山,千田　遼,2007/9/20,1647807
32,ファジアーノ岡山,バイゴリア　ユウト,2006/8/18,1653088
33,ファジアーノ岡山,神谷　優太,1997/4/24,1504445
35,ファジアーノ岡山,髙橋　旺良,2006/3/1,1652842
40,ファジアーノ岡山,河野　孝汰,2003/8/12,1626006
41,ファジアーノ岡山,宮本　英治,1998/8/3,1636324
43,ファジアーノ岡山,鈴木　喜丈,1998/7/6,1601448
45,ファジアーノ岡山,ブラウン　ノア　賢信,2001/5/27,1622681
48,ファジアーノ岡山,立田　悠悟,1998/6/21,1607199
51,ファジアーノ岡山,白井　康介,1994/5/1,1400090
52,ファジアーノ岡山,濵田　太郎,2000/2/21,1636306
55,ファジアーノ岡山,藤井　葉大,2006/1/16,1642073
66,ファジアーノ岡山,西川　潤,2002/2/21,1622193
77,ファジアーノ岡山,川浪　吾郎,1991/4/30,1000054
88,ファジアーノ岡山,山根　永遠,1999/2/5,1607218
98,ファジアーノ岡山,ウェリック　ポポ,2001/10/17,1652453
99,ファジアーノ岡山,ルカオ,1995/9/22,1627569
1,サンフレッチェ広島,大迫　敬介,1999/7/28,1600203
3,サンフレッチェ広島,山﨑　大地,2001/1/8,1605470
4,サンフレッチェ広島,荒木　隼人,1996/8/7,1604880
6,サンフレッチェ広島,川辺　駿,1995/9/8,1300179
9,サンフレッチェ広島,ジャーメイン　良,1995/4/19,1503337
10,サンフレッチェ広島,鈴木　章斗,2003/7/30,1636237
11,サンフレッチェ広島,加藤　陸次樹,1997/8/6,1401505
13,サンフレッチェ広島,新井　直人,1996/10/7,1624653
14,サンフレッチェ広島,松本　泰志,1998/8/22,1607284
15,サンフレッチェ広島,中野　就斗,2000/6/27,1635465
16,サンフレッチェ広島,志知　孝明,1993/12/27,1501895
17,サンフレッチェ広島,木下　康介,1994/10/3,1200538
18,サンフレッチェ広島,菅　大輝,1998/9/10,1602205
19,サンフレッチェ広島,佐々木　翔,1989/10/2,1200024
21,サンフレッチェ広島,田中　雄大,1995/11/17,1503714
23,サンフレッチェ広島,鮎川　峻,2001/9/15,1622855
24,サンフレッチェ広島,東　俊希,2000/7/28,1618152
25,サンフレッチェ広島,茶島　雄介,1991/7/20,1400065
30,サンフレッチェ広島,トルガイ　アルスラン,1990/8/16,1644645
32,サンフレッチェ広島,越道　草太,2004/4/3,1632409
33,サンフレッチェ広島,塩谷　司,1988/12/5,1100145
35,サンフレッチェ広島,中島　洋太朗,2006/4/22,1641144
37,サンフレッチェ広島,キム　ジュソン,2000/12/12,1627198
38,サンフレッチェ広島,ヒル　袈依廉,2002/7/9,1635373
39,サンフレッチェ広島,中村　草太,2002/10/15,1635346
40,サンフレッチェ広島,小原　基樹,2000/3/9,1635360
41,サンフレッチェ広島,前田　直輝,1994/11/17,1200343
43,サンフレッチェ広島,小川　煌,2007/6/24,1650439
45,サンフレッチェ広島,小林　志紋,2008/1/23,1650817
99,サンフレッチェ広島,大内　一生,2000/9/8,1602209
無,サンフレッチェ広島,太田　大翔,2008/4/8,1650445
無,サンフレッチェ広島,野口　蓮斗,2008/4/20,1650815
無,サンフレッチェ広島,森井　莉人,2009/1/17,1650444
無,サンフレッチェ広島,髙橋　成海,2009/5/17,1650456
2,アビスパ福岡,湯澤　聖人,1993/10/10,1400643
3,アビスパ福岡,奈良　竜樹,1993/9/19,1100304
5,アビスパ福岡,上島　拓巳,1997/2/5,1620758
6,アビスパ福岡,重見　柾斗,2001/9/20,1641497
7,アビスパ福岡,碓井　聖生,2001/7/20,1644286
8,アビスパ福岡,奥野　耕平,2000/4/3,1605950
9,アビスパ福岡,シャハブ　ザヘディ,1995/8/18,1646310
10,アビスパ福岡,城後　寿,1986/4/16,500345
11,アビスパ福岡,見木　友哉,1998/3/28,1627404
13,アビスパ福岡,ナッシム　ベン　カリファ,1992/1/13,1637297
14,アビスパ福岡,名古　新太郎,1996/4/17,1500384
15,アビスパ福岡,辻岡　佑真,2001/12/9,1641019
16,アビスパ福岡,岡　哲平,2001/9/6,1625427
17,アビスパ福岡,秋野　央樹,1994/10/8,1200951
18,アビスパ福岡,佐藤　颯之介,2003/7/6,1651493
19,アビスパ福岡,キム　ムンヒョン,2002/5/17,1651274
21,アビスパ福岡,松山　健太,1998/11/17,1632257
22,アビスパ福岡,藤本　一輝,1998/7/29,1630138
24,アビスパ福岡,小畑　裕馬,2001/11/7,1613335
25,アビスパ福岡,北島　祐二,2000/8/4,1605758
27,アビスパ福岡,道脇　豊,2006/4/5,1636787
28,アビスパ福岡,鶴野　怜樹,2001/1/26,1633865
29,アビスパ福岡,前嶋　洋太,1997/8/12,1600179
32,アビスパ福岡,サニブラウン　ハナン,2006/7/3,1650538
33,アビスパ福岡,山脇　樺織,2000/12/17,1640642
34,アビスパ福岡,椎橋　慧也,1997/6/20,1600127
37,アビスパ福岡,田代　雅也,1993/5/1,1600197
40,アビスパ福岡,池田　樹雷人,1996/9/17,1500496
41,アビスパ福岡,藤田　和輝,2001/2/19,1621166
45,アビスパ福岡,宮　大樹,1996/4/1,1604991
46,アビスパ福岡,福島　和毅,2007/4/27,1654120
47,アビスパ福岡,橋本　悠,2002/6/7,1646125
49,アビスパ福岡,前田　一翔,2006/6/16,1641374
52,アビスパ福岡,武本　匠平,2008/5/26,1651798
53,アビスパ福岡,前田　陽輝,2008/10/25,1651799
55,アビスパ福岡,前田　快,2004/7/1,1653372
56,アビスパ福岡,坂井　悠飛,2004/10/5,1656014
57,アビスパ福岡,北浜　琉星,2004/7/15,1641620
58,アビスパ福岡,藤川　虎三,2008/7/29,1656040
99,アビスパ福岡,オビ　パウエル　オビンナ,1997/12/18,1615528
1,Ｖ・ファーレン長崎,後藤　雅明,1994/5/24,1604772
3,Ｖ・ファーレン長崎,関口　正大,1998/4/21,1630145
4,Ｖ・ファーレン長崎,エドゥアルド,1993/4/27,1300886
5,Ｖ・ファーレン長崎,山口　蛍,1990/10/6,400761
6,Ｖ・ファーレン長崎,江川　湧清,2000/10/24,1607375
8,Ｖ・ファーレン長崎,岩崎　悠人,1998/6/11,1500418
9,Ｖ・ファーレン長崎,チアゴ　サンタナ,1993/2/4,1632264
10,Ｖ・ファーレン長崎,マテウス　ジェズス,1997/4/10,1618765
11,Ｖ・ファーレン長崎,ノーマン　キャンベル,1999/11/24,1656010
13,Ｖ・ファーレン長崎,波多野　豪,1998/5/25,1501611
14,Ｖ・ファーレン長崎,名倉　巧,1998/6/3,1504389
16,Ｖ・ファーレン長崎,エメルソン,1999/7/27,1650805
17,Ｖ・ファーレン長崎,高畑　奎汰,2000/9/16,1623040
18,Ｖ・ファーレン長崎,山﨑　凌吾,1992/9/20,1301036
19,Ｖ・ファーレン長崎,澤田　崇,1991/5/26,1400116
20,Ｖ・ファーレン長崎,中村　慶太,1993/6/30,1503021
21,Ｖ・ファーレン長崎,ディエゴ　ピトゥカ,1992/8/15,1632395
22,Ｖ・ファーレン長崎,翁長　聖,1995/2/23,1607170
23,Ｖ・ファーレン長崎,米田　隼也,1995/11/5,1503694
24,Ｖ・ファーレン長崎,山田　陸,1998/4/15,1606084
25,Ｖ・ファーレン長崎,櫛引　一紀,1993/2/12,1100205
26,Ｖ・ファーレン長崎,井岡　海都,1998/4/27,1632217
29,Ｖ・ファーレン長崎,新井　一耀,1993/11/8,1400644
30,Ｖ・ファーレン長崎,ルカ　ラドティッチ,2000/7/17,1641387
33,Ｖ・ファーレン長崎,笠柳　翼,2003/6/24,1636251
34,Ｖ・ファーレン長崎,松本　天夢,2002/9/28,1648378
37,Ｖ・ファーレン長崎,佐々木　奈琉,2003/7/13,1639132
39,Ｖ・ファーレン長崎,洪　怜鎭,2003/8/26,1639124
41,Ｖ・ファーレン長崎,長谷川　元希,1998/12/10,1630134
44,Ｖ・ファーレン長崎,鍋島　暖歩,2004/2/21,1641590
45,Ｖ・ファーレン長崎,ノ　ヒョンジュン,2007/7/19,1655870
48,Ｖ・ファーレン長崎,照山　颯人,2000/8/28,1624296
50,Ｖ・ファーレン長崎,進藤　亮佑,1996/6/7,1500448
1,北海道コンサドーレ札幌,菅野　孝憲,1984/5/3,4520
2,北海道コンサドーレ札幌,髙尾　瑠,1996/11/9,1619988
3,北海道コンサドーレ札幌,パク　ミンギュ,1995/8/10,1607761
4,北海道コンサドーレ札幌,中村　桐耶,2000/7/23,1618850
5,北海道コンサドーレ札幌,福森　晃斗,1992/12/16,1100154
7,北海道コンサドーレ札幌,スパチョーク,1998/5/22,1601674
9,北海道コンサドーレ札幌,マリオ　セルジオ,1995/9/2,1652452
10,北海道コンサドーレ札幌,宮澤　裕樹,1989/6/28,800224
11,北海道コンサドーレ札幌,青木　亮太,1996/3/6,1400057
13,北海道コンサドーレ札幌,堀米　勇輝,1992/12/13,1000380
14,北海道コンサドーレ札幌,田中　克幸,2002/3/15,1635330
15,北海道コンサドーレ札幌,家泉　怜依,2000/1/20,1633171
16,北海道コンサドーレ札幌,長谷川　竜也,1994/3/7,1503019
17,北海道コンサドーレ札幌,内田　瑞己,1999/9/11,1635495
18,北海道コンサドーレ札幌,木戸　柊摩,2003/1/2,1629901
19,北海道コンサドーレ札幌,ティラパット,2007/2/17,1656015
20,北海道コンサドーレ札幌,アマドゥ　バカヨコ,1996/1/1,1648398
22,北海道コンサドーレ札幌,キングロード　サフォ,2002/1/9,1648842
23,北海道コンサドーレ札幌,大森　真吾,2001/2/9,1632766
24,北海道コンサドーレ札幌,田川　知樹,2002/9/18,1630133
25,北海道コンサドーレ札幌,大﨑　玲央,1991/8/7,1600178
27,北海道コンサドーレ札幌,荒野　拓馬,1993/4/20,1000661
28,北海道コンサドーレ札幌,岡田　大和,2001/6/17,1641018
30,北海道コンサドーレ札幌,田中　宏武,1999/4/15,1632974
31,北海道コンサドーレ札幌,堀米　悠斗,1994/9/9,1300024
35,北海道コンサドーレ札幌,原　康介,2005/8/3,1646098
36,北海道コンサドーレ札幌,笹原　悠,2008/9/20,1656857
37,北海道コンサドーレ札幌,徳差　優利,2008/10/2,1652407
38,北海道コンサドーレ札幌,渋谷　優里,2008/12/9,1656858
39,北海道コンサドーレ札幌,川原　颯斗,2003/10/2,1648355
40,北海道コンサドーレ札幌,佐藤　陽成,2003/9/3,1629902
41,北海道コンサドーレ札幌,唯野　鶴眞,2007/5/28,1651452
47,北海道コンサドーレ札幌,西野　奨太,2004/5/28,1632425
50,北海道コンサドーレ札幌,浦上　仁騎,1996/11/11,1624846
51,北海道コンサドーレ札幌,高木　駿,1989/5/22,604916
55,北海道コンサドーレ札幌,梅津　龍之介,2004/6/30,1644148
62,北海道コンサドーレ札幌,大澤　忠臣,2009/2/28,1652406
63,北海道コンサドーレ札幌,多田　蒼生,2008/12/25,1651483
71,北海道コンサドーレ札幌,白井　陽斗,1999/10/23,1608815
1,ヴァンラーレ八戸,吉村　耕一,2003/6/20,1655861
2,ヴァンラーレ八戸,平松　航,2000/5/9,1637626
3,ヴァンラーレ八戸,澤田　雄大,1999/4/17,1646003
4,ヴァンラーレ八戸,鈴木　慎之介,2003/5/7,1655860
5,ヴァンラーレ八戸,稲積　大介,1997/5/8,1629452
6,ヴァンラーレ八戸,鵜木　郁哉,2001/7/4,1625562
7,ヴァンラーレ八戸,佐藤　碧,1997/9/25,1630023
8,ヴァンラーレ八戸,音泉　翔眞,1996/7/7,1629494
9,ヴァンラーレ八戸,髙尾　流星,2003/11/20,1636262
10,ヴァンラーレ八戸,澤上　竜二,1993/10/8,1400653
11,ヴァンラーレ八戸,雪江　悠人,1996/6/9,1624395
13,ヴァンラーレ八戸,大西　勝俉,1990/7/29,1300174
14,ヴァンラーレ八戸,脇坂　崚平,1998/12/27,1636412
15,ヴァンラーレ八戸,速水　修平,2000/11/11,1640625
16,ヴァンラーレ八戸,鏑木　瑞生,2000/5/28,1635382
17,ヴァンラーレ八戸,佐藤　祐太,1995/5/13,1618082
22,ヴァンラーレ八戸,本多　康太郎,2006/5/20,1644968
24,ヴァンラーレ八戸,栗澤　陸,2003/7/31,1652497
25,ヴァンラーレ八戸,谷口　裕介,1995/8/11,1643202
26,ヴァンラーレ八戸,高橋　耕平,1999/9/20,1635364
28,ヴァンラーレ八戸,田中　翼冴,2007/7/18,1643580
30,ヴァンラーレ八戸,井波　勇太,2002/8/29,1650554
34,ヴァンラーレ八戸,高吉　正真,2000/8/25,1635467
41,ヴァンラーレ八戸,白井　陽貴,2000/10/5,1635451
80,ヴァンラーレ八戸,永田　一真,2000/4/26,1640488
90,ヴァンラーレ八戸,イスマイラ,1998/8/4,1625673
99,ヴァンラーレ八戸,中野　誠也,1995/7/23,1604865
1,ベガルタ仙台,堀田　大暉,1994/10/5,1607369
2,ベガルタ仙台,五十嵐　聖己,2002/4/13,1635488
3,ベガルタ仙台,奥山　政幸,1993/7/28,1600204
4,ベガルタ仙台,湯谷　杏吏,2002/7/8,1641538
5,ベガルタ仙台,菅田　真啓,1997/6/28,1629411
6,ベガルタ仙台,松井　蓮之,2000/2/27,1632419
7,ベガルタ仙台,荒木　駿太,1999/10/24,1633277
8,ベガルタ仙台,武田　英寿,2001/9/15,1629404
9,ベガルタ仙台,宮崎　鴻,1999/8/5,1633279
10,ベガルタ仙台,鎌田　大夢,2001/6/23,1629439
11,ベガルタ仙台,小林　心,2000/9/29,1636964
14,ベガルタ仙台,相良　竜之介,2002/8/17,1627554
15,ベガルタ仙台,南　創太,2006/6/15,1650539
17,ベガルタ仙台,工藤　蒼生,2000/5/31,1618666
18,ベガルタ仙台,梅木　翼,1998/11/24,1630142
19,ベガルタ仙台,マテウス　モラエス,2001/3/6,1639140
20,ベガルタ仙台,中田　有祐,2004/6/5,1651456
22,ベガルタ仙台,髙田　椋汰,2000/6/10,1638867
23,ベガルタ仙台,有田　恵人,2002/1/24,1627746
24,ベガルタ仙台,永井　大義,2007/11/19,1652413
26,ベガルタ仙台,横山　颯大,2006/5/30,1646180
27,ベガルタ仙台,岩渕　弘人,1997/9/17,1630063
29,ベガルタ仙台,松澤　香輝,1992/4/3,1201101
30,ベガルタ仙台,西丸　道人,2005/6/15,1645881
33,ベガルタ仙台,林　彰洋,1987/5/7,700722
34,ベガルタ仙台,古屋　歩夢,2007/5/9,1652412
37,ベガルタ仙台,杉山　耀建,2003/11/8,1645028
38,ベガルタ仙台,渡邊　航聖,2008/6/26,1651347
40,ベガルタ仙台,安野　匠,2006/4/8,1649610
41,ベガルタ仙台,髙橋　一平,2003/10/2,1630159
42,ベガルタ仙台,石井　隼太,2001/7/6,1643557
44,ベガルタ仙台,井上　詩音,2000/4/25,1640472
55,ベガルタ仙台,韓　浩康,1993/9/18,1600138
1,ブラウブリッツ秋田,山田　元気,1994/12/16,1200591
2,ブラウブリッツ秋田,岡﨑　亮平,1992/4/25,1500472
3,ブラウブリッツ秋田,飯泉　涼矢,1995/12/28,1627446
4,ブラウブリッツ秋田,岡野　洵,1997/12/9,1401519
5,ブラウブリッツ秋田,長井　一真,1998/11/2,1630146
6,ブラウブリッツ秋田,諸岡　裕人,1997/1/4,1611265
7,ブラウブリッツ秋田,水谷　拓磨,1996/4/24,1400296
8,ブラウブリッツ秋田,梅田　魁人,1997/5/15,1629999
9,ブラウブリッツ秋田,中村　亮太,1991/1/28,1300056
10,ブラウブリッツ秋田,佐藤　大樹,1999/4/23,1610941
11,ブラウブリッツ秋田,佐川　洸介,2000/5/11,1620720
13,ブラウブリッツ秋田,才藤　龍治,1993/3/12,1500524
14,ブラウブリッツ秋田,大石　竜平,1997/1/21,1611266
16,ブラウブリッツ秋田,吉岡　雅和,1995/3/9,1607168
17,ブラウブリッツ秋田,野々村　鷹人,1998/5/13,1632230
18,ブラウブリッツ秋田,半田　航也,1998/9/27,1631674
22,ブラウブリッツ秋田,高橋　秀典,1998/7/18,1632251
23,ブラウブリッツ秋田,矢田貝　壮貴,1998/6/11,1632253
25,ブラウブリッツ秋田,藤山　智史,1994/4/23,1607187
31,ブラウブリッツ秋田,石田　凌太郎,2001/12/13,1619231
32,ブラウブリッツ秋田,長谷川　巧,1998/10/6,1501890
34,ブラウブリッツ秋田,鈴木　翔大,1993/4/3,1627186
47,ブラウブリッツ秋田,堀内　智葵,2006/12/17,1643247
52,ブラウブリッツ秋田,西村　真祈,2001/11/3,1645935
66,ブラウブリッツ秋田,土井　紅貴,2002/4/9,1646530
71,ブラウブリッツ秋田,畑橋　拓輝,2002/8/4,1635504
77,ブラウブリッツ秋田,中野　嘉大,1993/2/24,1500464
1,モンテディオ山形,トーマス　ヒュワード　ベル,1997/3/11,1500662
2,モンテディオ山形,イ　ドンヒ,2000/2/7,1635237
3,モンテディオ山形,熊本　雄太,1995/7/18,1604773
4,モンテディオ山形,西村　慧祐,1998/2/19,1627495
6,モンテディオ山形,山田　拓巳,1989/11/25,800196
7,モンテディオ山形,中村　亮太朗,1997/9/27,1627189
8,モンテディオ山形,土居　聖真,1992/5/21,1100134
9,モンテディオ山形,高橋　潤哉,1997/5/28,1619675
10,モンテディオ山形,氣田　亮真,1997/8/12,1629468
11,モンテディオ山形,ディサロ　燦シルヴァーノ,1996/4/2,1624376
13,モンテディオ山形,野嶽　寛也,2000/12/3,1621165
14,モンテディオ山形,柳町　魁耀,2002/5/7,1632259
15,モンテディオ山形,川井　歩,1999/8/12,1605454
16,モンテディオ山形,長谷川　洸,1995/5/16,1503930
17,モンテディオ山形,寺山　翼,2000/4/10,1605839
18,モンテディオ山形,横山　塁,1999/9/30,1635014
19,モンテディオ山形,岡本　一真,2003/9/19,1636265
20,モンテディオ山形,吉尾　海夏,1998/6/28,1603082
21,モンテディオ山形,田中　渉,2000/9/23,1624295
22,モンテディオ山形,城和　隼颯,1998/8/25,1632248
23,モンテディオ山形,田中　祉同,2003/5/22,1641629
24,モンテディオ山形,平賀　大空,2005/3/2,1636520
25,モンテディオ山形,國分　伸太郎,1994/8/31,1503453
27,モンテディオ山形,榎本　啓吾,1999/9/5,1636234
29,モンテディオ山形,相馬　丞,2001/6/15,1627038
30,モンテディオ山形,竹ノ谷　優駕スベディ,2007/12/27,1650272
32,モンテディオ山形,上林　大誠,2006/2/21,1639135
45,モンテディオ山形,渋谷　飛翔,1995/1/27,1300047
49,モンテディオ山形,坂本　稀吏也,2003/4/23,1636287
55,モンテディオ山形,堀金　峻明,2002/12/25,1646525
88,モンテディオ山形,タリソン　アウベス,1999/3/2,1655877
1,いわきＦＣ,加藤　有輝,1997/9/20,1600156
2,いわきＦＣ,今野　息吹,2001/5/10,1635458
3,いわきＦＣ,遠藤　凌,1998/7/6,1632204
4,いわきＦＣ,堂鼻　起暉,1998/12/5,1602932
5,いわきＦＣ,桒田　大誠,2002/8/26,1643558
7,いわきＦＣ,中島　舜,2002/4/8,1631731
8,いわきＦＣ,柴田　壮介,2001/5/26,1618636
10,いわきＦＣ,西谷　亮,2004/1/10,1632534
11,いわきＦＣ,加藤　大晟,2002/9/6,1647674
13,いわきＦＣ,村上　陽斗,2002/7/17,1650540
14,いわきＦＣ,山口　大輝,1997/11/2,1630057
15,いわきＦＣ,中野　陽斗,2007/5/6,1654109
16,いわきＦＣ,荒木　仁翔,2007/8/2,1654117
19,いわきＦＣ,チョン　ソホ,2007/6/8,1655862
20,いわきＦＣ,大氏　凜州,2003/5/14,1648387
21,いわきＦＣ,松本　崚汰,2002/10/25,1641575
22,いわきＦＣ,高橋　勇利也,1999/3/24,1632246
23,いわきＦＣ,佐々木　雅士,2002/5/1,1622195
25,いわきＦＣ,坂本　光,2004/3/17,1651557
26,いわきＦＣ,坂元　一渚璃,2004/11/22,1640627
27,いわきＦＣ,山中　惇希,2001/5/6,1629443
28,いわきＦＣ,久永　瑠音,2004/3/4,1637011
29,いわきＦＣ,田中　幹大,2003/7/22,1641615
30,いわきＦＣ,木吹　翔太,2006/8/19,1641145
32,いわきＦＣ,オウイエ　ウイリアム,2004/4/19,1640653
33,いわきＦＣ,ヒョン　ウビン,2006/1/17,1648838
35,いわきＦＣ,深港　壮一郎,2000/8/12,1635685
38,いわきＦＣ,熊田　直紀,2004/8/2,1636789
39,いわきＦＣ,ジュ　ヒョンジン,2005/2/6,1645987
40,いわきＦＣ,永木　亮太,1988/6/4,1000646
41,いわきＦＣ,松本　琉雅,2004/9/30,1651946
1,栃木シティ,原田　欽庸,1986/5/17,500326
5,栃木シティ,奥井　諒,1990/3/7,1200003
6,栃木シティ,加藤　丈,1998/9/14,1607664
7,栃木シティ,森　俊貴,1997/8/29,1624511
8,栃木シティ,山下　敬大,1996/3/13,1503569
9,栃木シティ,鈴木　武蔵,1994/2/11,1200002
10,栃木シティ,岡庭　裕貴,1995/1/3,1607078
11,栃木シティ,表原　玄太,1996/2/28,1400112
13,栃木シティ,大嶌　貴,2000/10/18,1647155
14,栃木シティ,小竹　知恩,2006/4/14,1641490
15,栃木シティ,佐藤　喜生,1997/11/6,1629481
16,栃木シティ,児玉　潤,1997/9/8,1401627
17,栃木シティ,知念　哲矢,1997/11/8,1629487
18,栃木シティ,加藤　大,1991/5/7,1000105
19,栃木シティ,ダヴィド　モーベルグ,1994/3/20,1636321
20,栃木シティ,ペドロ　アウグスト,1997/3/3,1656595
21,栃木シティ,奥原　崇陽,2008/2/8,1655873
22,栃木シティ,鈴木　裕斗,2000/5/5,1627829
23,栃木シティ,吉田　篤志,1999/4/7,1647159
24,栃木シティ,西谷　和希,1993/10/5,1503334
26,栃木シティ,宇都木　峻,1996/9/21,1624572
28,栃木シティ,小西　慶太郎,2002/4/6,1635513
29,栃木シティ,齋藤　恵太,1993/3/31,1500447
31,栃木シティ,相澤　ピーターコアミ,2001/1/20,1617519
32,栃木シティ,小池　裕太,1996/11/6,1300960
33,栃木シティ,乾　貴哉,1996/5/12,1500461
41,栃木シティ,薩川　淳貴,1997/8/12,1629421
42,栃木シティ,マテイ　ヨニッチ,1991/1/29,1500834
44,栃木シティ,下田　栄祐,2004/5/5,1639209
77,栃木シティ,田中　パウロ淳一,1993/10/23,1200020
88,栃木シティ,升掛　友護,2003/8/24,1636253
99,栃木シティ,平岡　将豪,1995/5/12,1400225
1,ＲＢ大宮アルディージャ,笠原　昂史,1988/11/21,1000432
3,ＲＢ大宮アルディージャ,加藤　聖,2001/9/16,1629466
5,ＲＢ大宮アルディージャ,ガブリエウ,1995/3/14,1635019
6,ＲＢ大宮アルディージャ,石川　俊輝,1991/7/10,1400086
7,ＲＢ大宮アルディージャ,小島　幹敏,1996/9/17,1500460
8,ＲＢ大宮アルディージャ,カウアン　ディニース,2004/3/7,1656068
10,ＲＢ大宮アルディージャ,豊川　雄太,1994/9/9,1300051
11,ＲＢ大宮アルディージャ,カプリーニ,1997/11/11,1640494
13,ＲＢ大宮アルディージャ,イヨハ　理　ヘンリー,1998/6/23,1605020
14,ＲＢ大宮アルディージャ,泉　柊椰,2000/12/2,1633521
15,ＲＢ大宮アルディージャ,中山　昂大,2002/7/6,1641589
16,ＲＢ大宮アルディージャ,加藤　玄,2003/4/15,1636988
17,ＲＢ大宮アルディージャ,神田　泰斗,2008/5/7,1646951
19,ＲＢ大宮アルディージャ,尾崎　優成,2003/7/26,1630187
20,ＲＢ大宮アルディージャ,日髙　元,2007/11/13,1654127
22,ＲＢ大宮アルディージャ,茂木　力也,1996/9/27,1400734
23,ＲＢ大宮アルディージャ,杉本　健勇,1992/11/18,1000648
24,ＲＢ大宮アルディージャ,トム　グローバー,1997/12/24,1634951
25,ＲＢ大宮アルディージャ,熊田　佳斗,2009/9/5,1646947
27,ＲＢ大宮アルディージャ,松井　匠,2003/11/21,1652654
33,ＲＢ大宮アルディージャ,和田　拓也,1990/7/28,900054
34,ＲＢ大宮アルディージャ,村上　陽介,2002/2/4,1635347
37,ＲＢ大宮アルディージャ,関口　凱心,2001/9/24,1641667
40,ＲＢ大宮アルディージャ,志村　滉,1996/4/27,1500483
42,ＲＢ大宮アルディージャ,中島　大翔,2008/10/16,1646957
43,ＲＢ大宮アルディージャ,小林　柚希,2008/4/13,1651478
44,ＲＢ大宮アルディージャ,木寺　優直,2008/9/12,1646943
45,ＲＢ大宮アルディージャ,山本　桜大,2004/6/4,1639186
46,ＲＢ大宮アルディージャ,井芹　響輔,2009/4/29,1656022
47,ＲＢ大宮アルディージャ,エドワード　真秀,2008/7/21,1646958
48,ＲＢ大宮アルディージャ,磯﨑　麻玖,2006/5/26,1639207
49,ＲＢ大宮アルディージャ,マギー　ジェラニー　蓮,2008/12/24,1655847
50,ＲＢ大宮アルディージャ,若林　学歩,2004/3/10,1636291
88,ＲＢ大宮アルディージャ,西尾　隆矢,2001/5/16,1604177
90,ＲＢ大宮アルディージャ,オリオラ　サンデー,2003/4/18,1636322
3,横浜ＦＣ,鈴木　準弥,1996/1/7,1604775
5,横浜ＦＣ,細井　響,2003/10/31,1651453
7,横浜ＦＣ,山田　康太,1999/7/10,1604300
8,横浜ＦＣ,小倉　陽太,2001/5/3,1632788
9,横浜ＦＣ,ルキアン,1991/9/21,1502748
10,横浜ＦＣ,ジョアン　パウロ,1996/11/28,1647902
13,横浜ＦＣ,窪田　稜,2001/1/5,1624353
14,横浜ＦＣ,高塩　隼生,2004/6/3,1637144
16,横浜ＦＣ,伊藤　槙人,1992/10/18,1500814
17,横浜ＦＣ,室井　彗佑,2000/4/17,1637080
18,横浜ＦＣ,森　海渡,2000/6/7,1614204
19,横浜ＦＣ,杉田　隼,2004/1/9,1633003
20,横浜ＦＣ,村田　透馬,2000/7/22,1620759
21,横浜ＦＣ,市川　暉記,1998/10/19,1607128
22,横浜ＦＣ,岩武　克弥,1996/6/4,1400120
23,横浜ＦＣ,前田　勘太朗,2007/7/10,1646683
24,横浜ＦＣ,秦　樹,2007/5/1,1646782
25,横浜ＦＣ,向井　俊貴,2004/4/13,1652098
26,横浜ＦＣ,横山　暁之,1997/3/26,1629453
27,横浜ＦＣ,ヤクブ　スウォビィク,1991/8/31,1627462
28,横浜ＦＣ,熊倉　弘貴,2002/5/16,1641552
35,横浜ＦＣ,宇田　光史朗,2004/9/26,1640495
39,横浜ＦＣ,遠藤　貴成,2002/10/19,1637019
40,横浜ＦＣ,西方　瑛太郎,2010/2/15,1646775
42,横浜ＦＣ,石井　僚,2000/7/11,1619337
45,横浜ＦＣ,齋藤　翔,2009/2/23,1651709
46,横浜ＦＣ,福岡　湧大,2008/5/15,1646800
48,横浜ＦＣ,新保　海鈴,2002/8/16,1630110
49,横浜ＦＣ,駒沢　直哉,2002/5/17,1632808
50,横浜ＦＣ,山岸　克斗,2008/8/16,1646777
77,横浜ＦＣ,髙江　麗央,1998/6/27,1504489
78,横浜ＦＣ,岩崎　亮佑,2008/1/30,1646796
90,横浜ＦＣ,アダイウトン,1990/12/6,1500544
94,横浜ＦＣ,佐藤　颯真,2003/11/3,1644492
2,湘南ベルマーレ,松村　晟怜,2003/12/3,1636236
3,湘南ベルマーレ,袴田　裕太郎,1996/6/24,1624305
4,湘南ベルマーレ,舘　幸希,1997/12/14,1627405
5,湘南ベルマーレ,松本　大弥,2000/8/10,1618153
6,湘南ベルマーレ,武田　将平,1994/4/4,1604080
7,湘南ベルマーレ,小野瀬　康介,1993/4/22,1100892
8,湘南ベルマーレ,大野　和成,1989/8/4,800131
9,湘南ベルマーレ,ファビアン　ゴンザレス,1992/11/23,1632373
11,湘南ベルマーレ,小田　裕太郎,2001/8/12,1624682
13,湘南ベルマーレ,下口　稚葉,1998/5/2,1607220
14,湘南ベルマーレ,髙橋　直也,2001/5/28,1621195
15,湘南ベルマーレ,藤井　智也,1998/12/4,1629897
16,湘南ベルマーレ,アルトゥール　シルバ,1995/4/26,1624317
17,湘南ベルマーレ,田村　蒼生,2002/4/20,1631730
18,湘南ベルマーレ,池田　昌生,1999/7/8,1618074
20,湘南ベルマーレ,石橋　瀬凪,2006/4/22,1650536
21,湘南ベルマーレ,永井　建成,1995/7/7,1400117
22,湘南ベルマーレ,蓑田　広大,1999/8/10,1632429
23,湘南ベルマーレ,松本　果成,2007/1/19,1646763
25,湘南ベルマーレ,奥埜　博亮,1989/8/14,900449
27,湘南ベルマーレ,福島　隼斗,2000/4/26,1624300
28,湘南ベルマーレ,太田　修介,1996/2/23,1617898
29,湘南ベルマーレ,渡邊　啓吾,2002/8/25,1641624
30,湘南ベルマーレ,山口　豪太,2007/4/24,1644663
31,湘南ベルマーレ,真田　幸太,1999/4/21,1610980
32,湘南ベルマーレ,保田　成琉,2004/8/3,1652029
34,湘南ベルマーレ,山田　寛人,2000/3/7,1600514
35,湘南ベルマーレ,中村　龍,2008/7/11,1656123
36,湘南ベルマーレ,松村　秀明,2008/6/19,1656840
37,湘南ベルマーレ,鈴木　雄斗,1993/12/7,1100300
41,湘南ベルマーレ,岩瀬　陽,2003/10/15,1641616
50,湘南ベルマーレ,柴田　徹,2001/2/18,1632787
55,湘南ベルマーレ,岡庭　愁人,1999/9/16,1604990
77,湘南ベルマーレ,石井　久継,2005/7/7,1639214
86,湘南ベルマーレ,加瀬　直輝,2000/6/7,1633193
99,湘南ベルマーレ,上福元　直人,1989/11/17,1100893
1,ヴァンフォーレ甲府,河田　晃兵,1987/10/13,700958
2,ヴァンフォーレ甲府,井上　樹,2001/5/28,1605429
3,ヴァンフォーレ甲府,野澤　陸,1998/12/7,1632206
4,ヴァンフォーレ甲府,山本　英臣,1980/6/26,2890
5,ヴァンフォーレ甲府,一瀬　大寿,2002/9/27,1641148
6,ヴァンフォーレ甲府,小林　岩魚,1996/10/17,1624352
7,ヴァンフォーレ甲府,荒木　翔,1995/8/25,1611259
8,ヴァンフォーレ甲府,安田　虎士朗,2003/8/14,1627741
9,ヴァンフォーレ甲府,三平　和司,1988/1/13,800923
10,ヴァンフォーレ甲府,内藤　大和,2004/7/14,1635232
11,ヴァンフォーレ甲府,熊倉　弘達,2002/5/16,1641562
13,ヴァンフォーレ甲府,村上　千歩,2001/5/28,1644221
14,ヴァンフォーレ甲府,藤井　一志,2001/9/30,1641522
15,ヴァンフォーレ甲府,米陀　大洋,2003/4/6,1651267
16,ヴァンフォーレ甲府,林田　滉也,1999/7/14,1636290
17,ヴァンフォーレ甲府,福元　竣,2004/2/20,1655811
19,ヴァンフォーレ甲府,水野　颯太,2000/6/30,1635475
20,ヴァンフォーレ甲府,遠藤　光,2000/6/5,1640473
22,ヴァンフォーレ甲府,小出　悠太,1994/10/20,1607084
23,ヴァンフォーレ甲府,スタチオーリ　ミケーレ,2003/10/6,1655812
24,ヴァンフォーレ甲府,佐藤　恵介,2002/6/25,1631744
25,ヴァンフォーレ甲府,平塚　悠知,1996/4/13,1503289
26,ヴァンフォーレ甲府,佐藤　和弘,1990/9/28,1400227
27,ヴァンフォーレ甲府,武井　成豪,1998/4/15,1632418
29,ヴァンフォーレ甲府,大島　康樹,1996/5/30,1400847
31,ヴァンフォーレ甲府,イ　ミンギ,2003/3/13,1651430
32,ヴァンフォーレ甲府,太田　龍之介,2002/4/1,1635335
33,ヴァンフォーレ甲府,山内　康太,1999/11/5,1610021
44,ヴァンフォーレ甲府,福井　啓太,2002/5/19,1632757
47,ヴァンフォーレ甲府,保坂　知希,2006/5/25,1650542
95,ヴァンフォーレ甲府,メンデス,1995/4/25,1503923
96,ヴァンフォーレ甲府,黒川　淳史,1998/2/4,1501609
97,ヴァンフォーレ甲府,東　ジョン,2002/5/2,1632238
2,アルビレックス新潟,ジェイソン　ゲリア,1993/5/10,1400631
3,アルビレックス新潟,加藤　徹也,1996/3/13,1624569
5,アルビレックス新潟,舞行龍ジェームズ,1988/9/17,800193
7,アルビレックス新潟,大西　悠介,2001/5/20,1635508
8,アルビレックス新潟,白井　永地,1995/9/26,1400079
11,アルビレックス新潟,ダニーロ　ゴメス,1999/2/5,1640649
13,アルビレックス新潟,落合　陸,1999/5/23,1636525
14,アルビレックス新潟,古長谷　千博,2001/10/25,1645923
15,アルビレックス新潟,早川　史哉,1994/1/12,1100292
17,アルビレックス新潟,シマブク　カズヨシ,1999/7/29,1634153
18,アルビレックス新潟,若月　大和,2002/1/18,1624852
19,アルビレックス新潟,星　雄次,1992/7/27,1500624
21,アルビレックス新潟,田代　琉我,1998/8/27,1632220
22,アルビレックス新潟,新井　泰貴,1997/6/19,1629430
23,アルビレックス新潟,吉満　大介,1993/2/21,1500453
24,アルビレックス新潟,森　璃太,2001/8/19,1632802
25,アルビレックス新潟,藤原　奏哉,1995/9/9,1618095
26,アルビレックス新潟,佐藤　海宏,2007/2/26,1639211
28,アルビレックス新潟,島村　拓弥,1999/3/6,1607206
30,アルビレックス新潟,奥村　仁,2001/4/3,1645880
33,アルビレックス新潟,松岡　敏也,2007/9/28,1654646
34,アルビレックス新潟,藤原　優大,2002/6/29,1632222
38,アルビレックス新潟,森　昂大,1999/4/27,1633515
40,アルビレックス新潟,石山　青空,2006/1/27,1634114
41,アルビレックス新潟,松浦　大翔,2008/9/21,1655908
46,アルビレックス新潟,笠井　佳祐,2002/8/30,1635487
48,アルビレックス新潟,大竹　優心,2005/7/17,1643178
55,アルビレックス新潟,マテウス　モラエス,2000/4/22,1653072
64,アルビレックス新潟,バウマン,1996/4/10,1651282
71,アルビレックス新潟,内山　翔太,2006/11/9,1641153
77,アルビレックス新潟,舩木　翔,1998/4/13,1600516
99,アルビレックス新潟,小野　裕二,1992/12/22,1000649
1,カターレ富山,平尾　駿輝,2003/8/12,1636259
3,カターレ富山,香川　勇気,1992/7/2,1500528
5,カターレ富山,今瀬　淳也,1993/1/3,1500442
6,カターレ富山,瀬良　俊太,2001/10/11,1632743
7,カターレ富山,亀田　歩夢,2006/12/19,1646762
8,カターレ富山,松岡　大智,1999/1/23,1600515
9,カターレ富山,吉平　翼,1998/1/5,1500532
10,カターレ富山,松田　力,1991/7/24,1300592
11,カターレ富山,小川　慶治朗,1992/7/14,1000075
13,カターレ富山,深澤　壯太,2003/3/20,1647284
14,カターレ富山,谷本　駿介,2001/3/7,1605024
15,カターレ富山,坪井　清志郎,2000/2/1,1504434
16,カターレ富山,末木　裕也,1997/5/16,1624512
17,カターレ富山,湯之前　匡央,2003/12/30,1639690
18,カターレ富山,伊藤　拓巳,2000/7/29,1640647
19,カターレ富山,實藤　友紀,1989/1/19,1000491
20,カターレ富山,チョン　ウヨン,1989/12/14,1100158
21,カターレ富山,寺門　陸,2002/11/23,1622652
22,カターレ富山,椎名　伸志,1991/10/15,1400093
23,カターレ富山,西矢　慎平,2001/8/11,1645921
24,カターレ富山,丸山　嵩大,2004/8/16,1630135
25,カターレ富山,安光　将作,1999/11/2,1635442
26,カターレ富山,鍋田　純志,2000/1/2,1635489
28,カターレ富山,布施谷　翔,2000/9/21,1635502
30,カターレ富山,中島　裕希,1984/6/16,300119
31,カターレ富山,コ　ボンジョ,2002/2/15,1640477
32,カターレ富山,溝口　駿,2002/6/6,1637255
33,カターレ富山,髙橋　馨希,2001/6/16,1637072
34,カターレ富山,竹中　元汰,2003/1/25,1650796
39,カターレ富山,古川　真人,2001/11/14,1635514
40,カターレ富山,竹内　豊,2003/1/21,1639151
42,カターレ富山,キム　テウォン,2005/3/11,1651218
48,カターレ富山,植田　啓太,2002/9/3,1622197
56,カターレ富山,岡本　將成,2000/4/7,1618570
77,カターレ富山,香川　太朗,2004/7/14,1656013
99,カターレ富山,原田　岳,1998/5/22,1600306
1,ジュビロ磐田,川島　永嗣,1983/3/20,3892
2,ジュビロ磐田,川﨑　一輝,1997/11/8,1629422
3,ジュビロ磐田,森岡　陸,1998/11/20,1603078
4,ジュビロ磐田,松原　后,1996/8/30,1500481
5,ジュビロ磐田,江﨑　巧朗,2000/2/5,1633278
6,ジュビロ磐田,金子　大毅,1998/8/28,1600027
7,ジュビロ磐田,上原　力也,1996/8/25,1500485
8,ジュビロ磐田,為田　大貴,1993/8/24,1000647
9,ジュビロ磐田,渡邉　りょう,1996/10/25,1624402
11,ジュビロ磐田,マテウス　ペイショット,1995/11/16,1645964
13,ジュビロ磐田,阿部　航斗,1997/8/1,1611147
14,ジュビロ磐田,ポラメート　アーウィライ,1998/7/20,1645521
16,ジュビロ磐田,グスタボ　シルバ,1997/9/7,1652656
18,ジュビロ磐田,井上　潮音,1997/8/3,1501594
20,ジュビロ磐田,加藤　大育,1998/10/6,1640670
21,ジュビロ磐田,三浦　龍輝,1992/5/17,1000679
22,ジュビロ磐田,上夷　克典,1996/4/5,1624357
25,ジュビロ磐田,小池　直矢,2005/2/12,1643239
26,ジュビロ磐田,西久保　駿介,2003/7/30,1636240
27,ジュビロ磐田,佐藤　凌我,1999/2/20,1630219
28,ジュビロ磐田,西澤　翼,2002/8/29,1635482
29,ジュビロ磐田,桑原　航太,2004/7/28,1647379
30,ジュビロ磐田,山﨑　浩介,1995/12/30,1617907
33,ジュビロ磐田,川合　徳孟,2007/3/3,1641394
34,ジュビロ磐田,甲斐　佑蒼,2007/5/2,1651454
36,ジュビロ磐田,吉村　瑠晟,2003/7/2,1647013
38,ジュビロ磐田,川口　尚紀,1994/5/24,1200383
39,ジュビロ磐田,角　昂志郎,2002/8/13,1622188
42,ジュビロ磐田,石塚　蓮歩,2007/12/17,1651455
48,ジュビロ磐田,相田　勇樹,1998/8/3,1632207
50,ジュビロ磐田,植村　洋斗,2001/8/26,1632797
51,ジュビロ磐田,中島　佳太郎,2001/6/6,1642044
52,ジュビロ磐田,ヤン　ファンデンベルフ,1994/10/2,1652499
56,ジュビロ磐田,奥田　悠真,2008/5/6,1646578
57,ジュビロ磐田,小枝　朔太郎,2009/8/11,1652424
65,ジュビロ磐田,西岡　健斗,2008/7/14,1652423
66,ジュビロ磐田,増田　大空,2008/1/13,1651643
69,ジュビロ磐田,西野　陽向,2009/7/26,1652426
77,ジュビロ磐田,藤原　健介,2003/12/21,1634116
1,藤枝ＭＹＦＣ,田口　潤人,1996/9/28,1300443
2,藤枝ＭＹＦＣ,永野　修都,2006/4/15,1642030
3,藤枝ＭＹＦＣ,鈴木　翔太,1996/11/21,1624371
4,藤枝ＭＹＦＣ,中川　創,1999/6/1,1607371
5,藤枝ＭＹＦＣ,楠本　卓海,1995/12/10,1611199
6,藤枝ＭＹＦＣ,世瀬　啓人,1999/8/20,1601840
7,藤枝ＭＹＦＣ,松木　駿之介,1996/10/24,1618924
8,藤枝ＭＹＦＣ,浅倉　廉,2001/4/28,1635390
9,藤枝ＭＹＦＣ,矢村　健,1997/6/9,1619726
10,藤枝ＭＹＦＣ,菊井　悠介,1999/9/17,1633174
11,藤枝ＭＹＦＣ,真鍋　隼虎,2004/1/2,1636957
13,藤枝ＭＹＦＣ,中村　優斗,2003/10/9,1653374
14,藤枝ＭＹＦＣ,三木　仁太,2003/8/21,1647383
15,藤枝ＭＹＦＣ,杉田　真彦,1995/6/16,1627177
16,藤枝ＭＹＦＣ,森　侑里,2000/8/8,1632742
17,藤枝ＭＹＦＣ,岡澤　昂星,2003/10/22,1630179
18,藤枝ＭＹＦＣ,松下　佳貴,1994/3/3,1400650
19,藤枝ＭＹＦＣ,近藤　優成,2003/10/2,1644943
20,藤枝ＭＹＦＣ,久保　征一郎,2001/6/22,1621200
21,藤枝ＭＹＦＣ,ジョーンズ　レイ,2002/5/4,1629921
22,藤枝ＭＹＦＣ,久富　良輔,1991/3/19,1400122
23,藤枝ＭＹＦＣ,梶川　諒太,1989/4/17,1100800
24,藤枝ＭＹＦＣ,山﨑　絢心,2007/6/25,1655813
25,藤枝ＭＹＦＣ,中村　涼,2002/7/20,1648745
26,藤枝ＭＹＦＣ,河本　大雅,2006/7/23,1648099
28,藤枝ＭＹＦＣ,大森　彗斗,2003/1/4,1636995
29,藤枝ＭＹＦＣ,閑田　隼人,2002/8/1,1646981
30,藤枝ＭＹＦＣ,芹生　海翔,2006/2/22,1645868
31,藤枝ＭＹＦＣ,栗栖　汰志,2006/9/17,1646613
33,藤枝ＭＹＦＣ,川上　エドオジョン　智慧,1998/4/21,1605931
41,藤枝ＭＹＦＣ,北村　海　チディ,2000/9/17,1635656
48,藤枝ＭＹＦＣ,行友　祐翔,2007/2/6,1656729
50,藤枝ＭＹＦＣ,金子　翔太,1995/5/2,1300848
1,徳島ヴォルティス,永石　拓海,1996/2/16,1502857
3,徳島ヴォルティス,山田　奈央,2002/11/18,1622200
4,徳島ヴォルティス,カイケ,2001/5/30,1637301
5,徳島ヴォルティス,青木　駿人,2001/4/6,1641548
6,徳島ヴォルティス,鹿沼　直生,1997/12/7,1629500
7,徳島ヴォルティス,児玉　駿斗,1998/12/3,1618867
8,徳島ヴォルティス,岩尾　憲,1988/4/18,1100206
9,徳島ヴォルティス,トニー　アンデルソン,1997/12/27,1627515
10,徳島ヴォルティス,杉本　太郎,1996/2/12,1400037
11,徳島ヴォルティス,ルーカス　バルセロス,1998/7/19,1650557
14,徳島ヴォルティス,梶谷　政仁,2000/3/9,1635499
15,徳島ヴォルティス,山越　康平,1993/5/4,1600155
16,徳島ヴォルティス,渡　大生,1993/6/25,1200026
19,徳島ヴォルティス,宮崎　純真,2000/4/10,1624351
20,徳島ヴォルティス,松田　佳大,2000/5/17,1637076
21,徳島ヴォルティス,青木　心,2000/6/9,1601777
22,徳島ヴォルティス,柳澤　亘,1996/6/28,1503690
23,徳島ヴォルティス,髙田　優,2005/9/8,1645862
24,徳島ヴォルティス,髙田　颯也,2001/8/15,1629602
25,徳島ヴォルティス,鈴木　輪太朗　イブラヒーム,2003/1/31,1632261
26,徳島ヴォルティス,尾上　瑠聖,2006/7/21,1644016
27,徳島ヴォルティス,ローレンス　デイビッド,2006/4/25,1650556
28,徳島ヴォルティス,西坂　斗和,2004/6/24,1640628
29,徳島ヴォルティス,三井　大輝,2001/5/27,1624676
31,徳島ヴォルティス,長谷川　徹,1988/12/11,700735
42,徳島ヴォルティス,高木　友也,1998/5/23,1624508
44,徳島ヴォルティス,山口　竜弥,2000/2/9,1618148
55,徳島ヴォルティス,重廣　卓也,1995/5/5,1613552
69,徳島ヴォルティス,福田　武玖,2007/10/20,1646302
77,徳島ヴォルティス,ターレス,2001/6/29,1632283
97,徳島ヴォルティス,モヨ　マルコム強志,2001/6/3,1635448
1,ＦＣ今治,立川　小太郎,1997/1/4,1624398
2,ＦＣ今治,梅木　怜,2005/8/25,1642029
3,ＦＣ今治,孫　大河,1999/6/13,1633011
4,ＦＣ今治,市原　亮太,1998/5/25,1632428
5,ＦＣ今治,新井　光,1999/4/14,1610937
6,ＦＣ今治,梶浦　勇輝,2004/1/2,1631748
7,ＦＣ今治,山田　貴文,1992/4/19,1627434
8,ＦＣ今治,駒井　善成,1992/6/6,900646
9,ＦＣ今治,近藤　高虎,1997/9/28,1625628
10,ＦＣ今治,エジガル　ジュニオ,1991/5/6,1624388
11,ＦＣ今治,ウェズレイ　タンキ,1996/7/14,1647899
14,ＦＣ今治,森　晃太,1997/6/13,1600185
15,ＦＣ今治,ガブリエル　ゴメス,1999/8/23,1656000
16,ＦＣ今治,山本　透衣,2001/5/31,1624573
17,ＦＣ今治,持井　響太,1999/1/20,1630218
18,ＦＣ今治,伊藤　元太,2000/7/2,1624380
19,ＦＣ今治,古山　兼悟,2002/7/11,1644462
20,ＦＣ今治,ロドリゴ　ソウザ,2002/5/31,1656016
21,ＦＣ今治,山田　陽介,2003/9/3,1655864
23,ＦＣ今治,イ　ヨンジュン,2006/8/7,1650800
24,ＦＣ今治,竹内　悠力,2001/9/29,1645980
25,ＦＣ今治,佐藤　璃樹,2003/11/30,1636257
29,ＦＣ今治,丸山　大和,2003/12/11,1641570
30,ＦＣ今治,柴野　快仁,2007/8/1,1646454
33,ＦＣ今治,笹　修大,2006/8/31,1650534
34,ＦＣ今治,菊池　季汐,2003/9/29,1649608
36,ＦＣ今治,久保　恵音,2007/4/25,1655863
38,ＦＣ今治,馬越　晃,2005/7/13,1636847
44,ＦＣ今治,林　誠道,1996/4/4,1500500
71,ＦＣ今治,高木和　徹,1995/4/15,1400053
77,ＦＣ今治,加藤　潤也,1994/12/30,1607365
1,サガン鳥栖,泉森　涼太,1999/7/21,1636266
2,サガン鳥栖,松本　凪生,2001/9/4,1604179
3,サガン鳥栖,神山　京右,2000/1/2,1636279
4,サガン鳥栖,今津　佑太,1995/7/8,1503341
5,サガン鳥栖,長澤　シヴァタファリ,2001/12/12,1641665
6,サガン鳥栖,櫻井　辰徳,2002/7/26,1631675
7,サガン鳥栖,坂本　亘基,1999/1/19,1603086
8,サガン鳥栖,楢原　慶輝,2004/4/7,1636531
9,サガン鳥栖,ジョー,1999/2/21,1650798
12,サガン鳥栖,松原　颯汰,2002/9/30,1631676
13,サガン鳥栖,城定　幹大,2001/2/15,1624330
14,サガン鳥栖,堺屋　佳介,2005/5/7,1641500
15,サガン鳥栖,酒井　宣福,1992/11/9,1100169
16,サガン鳥栖,西澤　健太,1996/9/6,1611142
18,サガン鳥栖,玄　理吾,2003/12/30,1636308
19,サガン鳥栖,鈴木　大馳,2006/11/8,1641501
20,サガン鳥栖,豊田　歩,2000/11/25,1640604
22,サガン鳥栖,弓場　堅真,2000/10/12,1635506
23,サガン鳥栖,北島　郁哉,2005/11/20,1645954
26,サガン鳥栖,安藤　寿岐,2003/10/14,1632424
29,サガン鳥栖,田中　雄大,1999/12/14,1600005
33,サガン鳥栖,小川　大空,1999/10/18,1635316
34,サガン鳥栖,黒木　雄也,2007/12/4,1646292
35,サガン鳥栖,内山　圭,1993/7/19,1000660
36,サガン鳥栖,池田　季礼,2007/7/29,1652434
37,サガン鳥栖,森下　怜哉,1998/11/1,1600518
38,サガン鳥栖,水巻　時飛,2007/6/14,1655804
41,サガン鳥栖,松岡　響祈,2005/2/2,1656002
42,サガン鳥栖,合戸　晴矢,2004/5/8,1656023
43,サガン鳥栖,芳野　凱斗,2005/3/30,1656596
46,サガン鳥栖,エジケ　唯吹ヴィンセント,2008/12/31,1648397
47,サガン鳥栖,伊澤　璃来,2009/7/29,1656020
76,サガン鳥栖,磯谷　駿,2002/7/30,1648377
77,サガン鳥栖,ヴィキンタス　スリヴカ,1995/4/29,1647905
88,サガン鳥栖,塩浜　遼,2000/5/7,1632767
91,サガン鳥栖,上原　牧人,1998/11/20,1630185
1,大分トリニータ,田中　悠也,2000/5/10,1624320
2,大分トリニータ,岡本　拓也,1992/6/18,1000072
5,大分トリニータ,中川　寛斗,1994/11/3,1300063
6,大分トリニータ,三竿　雄斗,1991/4/16,1300589
7,大分トリニータ,吉田　真那斗,2001/11/16,1641364
8,大分トリニータ,榊原　彗悟,2000/10/9,1627868
9,大分トリニータ,有馬　幸太郎,2000/9/3,1622640
13,大分トリニータ,伊佐　耕平,1991/11/23,1400118
14,大分トリニータ,宇津元　伸弥,2000/3/29,1632423
15,大分トリニータ,屋敷　優成,2003/10/18,1630182
16,大分トリニータ,茂　平,1993/4/14,1503447
17,大分トリニータ,キム　ヒョンウ,2001/10/10,1645863
18,大分トリニータ,野嶽　惇也,1994/9/11,1503564
19,大分トリニータ,小酒井　新大,2001/9/21,1644486
20,大分トリニータ,木許　太賀,2005/6/13,1635208
21,大分トリニータ,有働　夢叶,2002/12/8,1643564
22,大分トリニータ,ムン　キョンゴン,1995/2/9,1613098
23,大分トリニータ,小野　俊輔,2005/6/8,1635201
24,大分トリニータ,佐藤　隼,1997/3/6,1603824
25,大分トリニータ,山崎　太新,2004/2/27,1633004
27,大分トリニータ,松尾　勇佑,2000/6/27,1637925
28,大分トリニータ,清武　弘嗣,1989/11/12,800110
29,大分トリニータ,櫻井　勇斗,2004/1/20,1644231
30,大分トリニータ,戸根　一誓,1996/5/22,1624381
31,大分トリニータ,ペレイラ,1997/1/31,1632994
32,大分トリニータ,坂田　陸,2003/7/30,1639740
33,大分トリニータ,宮川　歩己,2002/7/25,1632769
34,大分トリニータ,吉川　敬進,2003/7/26,1647679
35,大分トリニータ,佐藤　丈晟,2004/10/28,1635203
36,大分トリニータ,松岡　颯人,2005/4/14,1635209
37,大分トリニータ,木本　真翔,2003/9/22,1646179
40,大分トリニータ,古野　優斗,2006/8/22,1644495
72,大分トリニータ,山口　卓己,2000/7/21,1639106
88,大分トリニータ,パトリッキ　ヴェロン,2004/9/8,1645984
1,テゲバジャーロ宮崎,茂木　秀,1999/1/15,1607219
2,テゲバジャーロ宮崎,長友　海翔,2002/4/5,1650516
5,テゲバジャーロ宮崎,渡邉　英祐,1999/11/3,1636295
6,テゲバジャーロ宮崎,大熊　健太,1997/6/14,1629997
7,テゲバジャーロ宮崎,阿野　真拓,2003/8/30,1629686
8,テゲバジャーロ宮崎,力安　祥伍,1998/8/22,1632214
9,テゲバジャーロ宮崎,橋本　啓吾,1998/9/17,1632475
10,テゲバジャーロ宮崎,井上　怜,2001/1/18,1624327
11,テゲバジャーロ宮崎,土信田　悠生,1999/7/23,1633280
13,テゲバジャーロ宮崎,中野　桂太,2002/8/27,1622192
14,テゲバジャーロ宮崎,五月田　星矢,2002/4/18,1624681
15,テゲバジャーロ宮崎,安部　崇士,1997/7/15,1629471
16,テゲバジャーロ宮崎,元木　漣,2007/12/18,1655818
17,テゲバジャーロ宮崎,徳若　碧都,2003/7/14,1647371
18,テゲバジャーロ宮崎,佐藤　遼,2004/1/8,1653194
22,テゲバジャーロ宮崎,塚本　一咲,2007/6/16,1655878
24,テゲバジャーロ宮崎,松本　雄真,1999/11/14,1630126
25,テゲバジャーロ宮崎,横窪　皇太,2002/5/25,1647349
26,テゲバジャーロ宮崎,宮脇　茂夫,2001/12/7,1644484
27,テゲバジャーロ宮崎,山内　陸,2000/8/2,1640621
28,テゲバジャーロ宮崎,眞鍋　旭輝,1997/10/17,1627754
30,テゲバジャーロ宮崎,望月　耕平,2006/6/7,1643197
31,テゲバジャーロ宮崎,岡本　享也,1995/5/15,1618091
32,テゲバジャーロ宮崎,イ　チュンウォン,2004/7/13,1650514
33,テゲバジャーロ宮崎,黒木　謙吾,1999/7/6,1635234
34,テゲバジャーロ宮崎,河合　駿樹,2002/12/31,1650517
39,テゲバジャーロ宮崎,下川　陽太,1995/9/7,1607572
40,テゲバジャーロ宮崎,安藤　陸登,2006/8/8,1650518
42,テゲバジャーロ宮崎,松本　ケン　チザンガ,2002/3/14,1633289
45,テゲバジャーロ宮崎,田中　誠太郎,2003/1/7,1646182
47,テゲバジャーロ宮崎,奥村　晃司,1998/7/29,1632287
58,テゲバジャーロ宮崎,武　颯,1995/7/17,1300444
82,テゲバジャーロ宮崎,坂井　駿也,2004/4/16,1636527
1,福島ユナイテッドＦＣ,上田　智輝,1996/3/3,1401499
5,福島ユナイテッドＦＣ,當麻　颯,2002/4/21,1627813
6,福島ユナイテッドＦＣ,上畑　佑平士,1998/7/25,1600520
7,福島ユナイテッドＦＣ,芦部　晃生,2001/4/5,1644488
8,福島ユナイテッドＦＣ,岡田　優希,1996/5/13,1621198
9,福島ユナイテッドＦＣ,清水　一雅,2001/8/2,1626004
10,福島ユナイテッドＦＣ,針谷　岳晃,1998/10/15,1607141
11,福島ユナイテッドＦＣ,三浦　知良,1967/2/26,291
14,福島ユナイテッドＦＣ,中村　翼,2002/4/26,1637254
15,福島ユナイテッドＦＣ,ナム　ヒョンミン,2005/4/2,1656731
17,福島ユナイテッドＦＣ,藤谷　匠,1995/12/6,1618093
18,福島ユナイテッドＦＣ,石井　稜真,2002/6/15,1635565
19,福島ユナイテッドＦＣ,藤田　仁朗,2003/5/2,1653365
20,福島ユナイテッドＦＣ,泉　彩稀,2003/8/21,1631762
21,福島ユナイテッドＦＣ,チェ　ドヒョン,2004/10/11,1656066
22,福島ユナイテッドＦＣ,吉丸　絢梓,1996/3/27,1300210
23,福島ユナイテッドＦＣ,安在　達弥,1996/5/9,1624411
26,福島ユナイテッドＦＣ,田中　慶汰,2003/4/17,1641601
27,福島ユナイテッドＦＣ,野末　学,2000/5/30,1641496
28,福島ユナイテッドＦＣ,鈴　直樹,2000/4/13,1618635
29,福島ユナイテッドＦＣ,土屋　櫂大,2006/5/12,1643995
30,福島ユナイテッドＦＣ,狩野　海晟,2002/2/8,1641376
31,福島ユナイテッドＦＣ,安西　駿,2000/5/1,1640638
32,福島ユナイテッドＦＣ,永長　鷹虎,2003/4/7,1636233
40,福島ユナイテッドＦＣ,樋口　寛規,1992/4/16,1100188
41,福島ユナイテッドＦＣ,田中　雄大,1999/7/9,1650555
77,福島ユナイテッドＦＣ,千葉　虎士,2005/12/27,1638453
78,福島ユナイテッドＦＣ,チョン　ソンリョン,1985/1/4,605028
96,福島ユナイテッドＦＣ,吉田　陣平,2003/5/6,1636247
1,栃木ＳＣ,川田　修平,1994/4/5,1100297
4,栃木ＳＣ,佐藤　祥,1993/7/22,1100859
5,栃木ＳＣ,柳　育崇,1994/6/22,1617908
6,栃木ＳＣ,阿部　海斗,1999/6/18,1633870
7,栃木ＳＣ,川名　連介,2002/2/18,1645969
9,栃木ＳＣ,近藤　慶一,2002/3/3,1641020
10,栃木ＳＣ,五十嵐　太陽,2003/4/14,1635199
11,栃木ＳＣ,青島　太一,2001/4/17,1625300
13,栃木ＳＣ,大曽根　広汰,1999/8/17,1636280
14,栃木ＳＣ,鈴木　俊也,2000/11/24,1632430
15,栃木ＳＣ,堤　陽輝,2003/6/13,1641569
17,栃木ＳＣ,杉森　考起,1997/4/5,1400059
19,栃木ＳＣ,庄司　朗,2002/10/10,1650553
21,栃木ＳＣ,櫻庭　立樹,1999/10/13,1603776
24,栃木ＳＣ,田端　琉聖,2003/5/11,1655838
25,栃木ＳＣ,岩﨑　博,2002/10/11,1639761
26,栃木ＳＣ,田畑　知起,2004/2/26,1643223
27,栃木ＳＣ,永井　大士,2004/1/1,1638477
29,栃木ＳＣ,矢野　貴章,1984/4/5,300132
31,栃木ＳＣ,鹿野　修平,1999/8/27,1633160
37,栃木ＳＣ,木邨　優人,2002/9/16,1647380
39,栃木ＳＣ,屋宜　和真,2002/12/10,1650552
40,栃木ＳＣ,食野　壮磨,2001/5/20,1624845
47,栃木ＳＣ,吉野　陽翔,2002/8/4,1646162
50,栃木ＳＣ,市川　遥章,2008/4/22,1656860
51,栃木ＳＣ,湯浅　友吾,2008/4/15,1656861
52,栃木ＳＣ,横浜　丞,2008/12/12,1651486
71,栃木ＳＣ,猪越　優惟,2001/5/26,1641530
77,栃木ＳＣ,西野　太陽,2002/8/10,1630209
80,栃木ＳＣ,オタボー　ケネス,2002/5/13,1632272
81,栃木ＳＣ,中野　克哉,1996/9/13,1619986
88,栃木ＳＣ,内田　航平,1993/5/19,1200047
1,ザスパ群馬,山田　和季,2003/12/30,1647378
2,ザスパ群馬,田頭　亮太,2002/2/7,1637086
3,ザスパ群馬,大畑　隆也,1997/10/12,1629996
4,ザスパ群馬,玉城　大志,2001/4/10,1644220
5,ザスパ群馬,キム　グニル,2002/12/6,1656067
6,ザスパ群馬,米原　秀亮,1998/4/20,1503033
7,ザスパ群馬,西村　恭史,1999/11/4,1617962
8,ザスパ群馬,神垣　陸,1998/7/14,1632218
9,ザスパ群馬,青木　翔大,1990/8/11,1300048
10,ザスパ群馬,山口　一真,1996/1/17,1617890
11,ザスパ群馬,加々美　登生,1999/2/15,1632256
13,ザスパ群馬,近藤　壱成,2001/1/15,1635450
14,ザスパ群馬,菊地　健太,2000/5/28,1604175
15,ザスパ群馬,風間　宏希,1991/6/19,1200831
16,ザスパ群馬,志賀　一允,2001/5/20,1637050
17,ザスパ群馬,百田　真登,2001/4/4,1642635
18,ザスパ群馬,田中　翔太,2001/4/10,1645925
19,ザスパ群馬,モハマド　ファルザン佐名,2004/6/30,1639185
20,ザスパ群馬,下川　太陽,2002/3/7,1624841
22,ザスパ群馬,貫　真郷,2003/10/2,1636297
23,ザスパ群馬,シルヴァン　デランド,1997/4/25,1656653
25,ザスパ群馬,中野　力瑠,2005/12/19,1645972
26,ザスパ群馬,秋元　琉星,2003/1/25,1648744
27,ザスパ群馬,藤村　怜,1999/5/26,1610940
29,ザスパ群馬,松本　皐誠,2003/8/12,1655797
30,ザスパ群馬,小柳　達司,1990/2/7,1200028
33,ザスパ群馬,櫻井　文陽,2003/5/22,1651714
36,ザスパ群馬,安達　秀都,2004/7/15,1636515
37,ザスパ群馬,瀬畠　義成,2001/1/19,1605023
38,ザスパ群馬,小西　宏登,2002/11/12,1650550
39,ザスパ群馬,佐藤　凜弥,2007/8/1,1655798
42,ザスパ群馬,原田　高虎,2007/11/1,1655799
43,ザスパ群馬,野瀬　翔也,2003/2/14,1650549
44,ザスパ群馬,古賀　竣,2007/8/7,1643982
69,ザスパ群馬,出間　思努,2005/6/15,1641371
88,ザスパ群馬,キム　ジェヒ,2006/5/16,1650809
97,ザスパ群馬,ソン　ミンソッ,2007/9/20,1655796
99,ザスパ群馬,中島　大嘉,2002/6/8,1630220
1,ＳＣ相模原,三浦　基瑛,1996/5/28,1624385
2,ＳＣ相模原,綿引　康,1998/1/21,1629994
3,ＳＣ相模原,ピトリック,1997/11/14,1651280
4,ＳＣ相模原,島川　俊郎,1990/5/28,900039
6,ＳＣ相模原,徳永　裕大,1994/4/16,1200333
7,ＳＣ相模原,棚橋　尭士,2000/7/12,1604180
8,ＳＣ相模原,神戸　康輔,2000/3/9,1635530
9,ＳＣ相模原,佐々木　快,1998/10/20,1632240
10,ＳＣ相模原,中山　陸,2001/1/22,1620698
11,ＳＣ相模原,武藤　雄樹,1988/11/7,800932
13,ＳＣ相模原,常田　克人,1997/11/27,1600128
14,ＳＣ相模原,安藤　翼,1996/5/12,1619673
15,ＳＣ相模原,前田　泰良,2000/7/27,1637081
16,ＳＣ相模原,高野　遼,1994/11/13,1501601
17,ＳＣ相模原,竹内　崇人,2002/5/29,1632759
18,ＳＣ相模原,三鬼　海,1993/4/19,1200100
19,ＳＣ相模原,沖田　空,2002/9/5,1632760
20,ＳＣ相模原,川畑　優翔,2003/9/9,1636968
21,ＳＣ相模原,金　珉浩,2000/1/26,1624341
22,ＳＣ相模原,杉本　大地,1993/7/15,1100137
23,ＳＣ相模原,田鎖　勇作,2003/5/27,1637157
24,ＳＣ相模原,杉本　蓮,2003/3/18,1650803
37,ＳＣ相模原,山内　琳太郎,2002/10/25,1648385
1,松本山雅ＦＣ,上林　豪,2002/8/18,1624840
2,松本山雅ＦＣ,小田　逸稀,1998/7/16,1504478
4,松本山雅ＦＣ,高橋　祥平,1991/10/27,800137
7,松本山雅ＦＣ,松岡　瑠夢,1998/7/22,1601449
8,松本山雅ＦＣ,深澤　佑太,2000/8/15,1640612
9,松本山雅ＦＣ,加藤　拓己,1999/7/16,1632479
16,松本山雅ＦＣ,宮部　大己,1998/10/16,1631737
18,松本山雅ＦＣ,大橋　尚志,1996/12/1,1500437
19,松本山雅ＦＣ,田中　想来,2004/11/11,1638472
20,松本山雅ＦＣ,渋谷　諒太,2003/5/15,1636972
21,松本山雅ＦＣ,富澤　雅也,1993/7/14,1600211
22,松本山雅ＦＣ,佐相　壱明,1999/6/16,1617892
23,松本山雅ＦＣ,高麗　稜太,2000/7/26,1635387
24,松本山雅ＦＣ,小川　大貴,1991/10/16,900362
25,松本山雅ＦＣ,白井　達也,1997/4/25,1629501
27,松本山雅ＦＣ,二ノ宮　慈洋,2003/11/10,1636255
30,松本山雅ＦＣ,澤崎　凌大,2002/3/21,1645933
31,松本山雅ＦＣ,渡邊　乃斗,2002/5/5,1633191
33,松本山雅ＦＣ,キム　ジュンヒョン,2006/3/23,1650548
35,松本山雅ＦＣ,岡　健太,2008/5/27,1656156
36,松本山雅ＦＣ,松村　厳,2002/6/20,1647704
37,松本山雅ＦＣ,萩原　正太郎,2006/6/14,1650547
38,松本山雅ＦＣ,藤枝　康佑,2003/7/30,1652655
39,松本山雅ＦＣ,井上　愛簾,2006/9/19,1644965
40,松本山雅ＦＣ,樋口　大輝,2001/9/10,1642053
41,松本山雅ＦＣ,村越　凱光,2001/10/7,1629456
43,松本山雅ＦＣ,金子　光汰,2004/1/27,1653310
44,松本山雅ＦＣ,リ　トビン,2003/9/24,1655871
46,松本山雅ＦＣ,安永　玲央,2000/11/19,1618853
50,松本山雅ＦＣ,早河　恭哉,2004/1/9,1655872
1,ＡＣ長野パルセイロ,田尻　健,1993/6/11,1200005
2,ＡＣ長野パルセイロ,酒井　崇一,1996/5/13,1620340
3,ＡＣ長野パルセイロ,冨田　康平,1996/6/9,1620804
4,ＡＣ長野パルセイロ,行德　瑛,2004/12/17,1640482
5,ＡＣ長野パルセイロ,長谷川　雄志,1996/12/6,1611961
6,ＡＣ長野パルセイロ,長谷川　隼,1997/9/14,1630113
7,ＡＣ長野パルセイロ,大野　佑哉,1996/8/17,1624336
8,ＡＣ長野パルセイロ,近藤　貴司,1992/4/26,1500510
9,ＡＣ長野パルセイロ,大﨑　舜,2000/4/15,1639189
10,ＡＣ長野パルセイロ,山中　麗央,1999/7/10,1635384
11,ＡＣ長野パルセイロ,進　昂平,1995/6/4,1611205
13,ＡＣ長野パルセイロ,附木　雄也,1994/12/17,1630071
15,ＡＣ長野パルセイロ,樋口　叶,2001/4/23,1627546
16,ＡＣ長野パルセイロ,石井　光輝,1995/3/15,1604881
17,ＡＣ長野パルセイロ,忽那　喬司,1997/8/20,1502856
18,ＡＣ長野パルセイロ,吉澤　柊,1998/10/21,1636326
19,ＡＣ長野パルセイロ,伊藤　恵亮,2001/2/4,1637078
20,ＡＣ長野パルセイロ,加納　大,2002/9/13,1641543
21,ＡＣ長野パルセイロ,中野　小次郎,1999/3/5,1601843
22,ＡＣ長野パルセイロ,吉田　桂介,2003/1/20,1637052
24,ＡＣ長野パルセイロ,渡邉　禅,2004/1/8,1655844
25,ＡＣ長野パルセイロ,田中　康介,1999/2/1,1632243
26,ＡＣ長野パルセイロ,中田　舜貴,2002/5/21,1646523
28,ＡＣ長野パルセイロ,藤川　虎太朗,1998/7/24,1504471
30,ＡＣ長野パルセイロ,野嶋　圭人,2003/4/11,1646527
31,ＡＣ長野パルセイロ,牧野　虎太郎,2002/7/13,1641531
32,ＡＣ長野パルセイロ,尾崎　裕人,2003/7/4,1655843
33,ＡＣ長野パルセイロ,安藤　一哉,1997/7/15,1629428
46,ＡＣ長野パルセイロ,古賀　俊太郎,1998/8/27,1629918
51,ＡＣ長野パルセイロ,清水　蒼太朗,2003/10/28,1637304
61,ＡＣ長野パルセイロ,下鳥　舟平,2009/4/22,1656842
77,ＡＣ長野パルセイロ,森田　大智,2003/6/18,1655842
1,ツエーゲン金沢,白井　裕人,1988/6/19,1101578
2,ツエーゲン金沢,長峰　祐斗,2000/3/28,1635025
3,ツエーゲン金沢,畑尾　大翔,1990/9/16,1401470
6,ツエーゲン金沢,村田　航一,1996/9/6,1400711
7,ツエーゲン金沢,土佐　陸翼,2000/4/27,1647161
8,ツエーゲン金沢,大山　啓輔,1995/5/7,1201189
9,ツエーゲン金沢,ブワニカ　啓太,2002/12/16,1631742
10,ツエーゲン金沢,パトリック,1987/10/26,1300102
11,ツエーゲン金沢,杉浦　恭平,1989/1/11,700759
13,ツエーゲン金沢,白輪地　敬大,2001/12/7,1637017
14,ツエーゲン金沢,石原　崇兆,1992/11/17,1100132
15,ツエーゲン金沢,西谷　優希,1993/10/5,1620724
16,ツエーゲン金沢,毛利　駿也,1995/4/10,1503697
17,ツエーゲン金沢,加藤　大樹,1993/3/14,1600205
18,ツエーゲン金沢,大澤　朋也,2002/9/6,1631739
19,ツエーゲン金沢,寺阪　尚悟,2004/6/6,1631755
20,ツエーゲン金沢,長倉　颯,1996/4/29,1624312
22,ツエーゲン金沢,有吉　勇人,2003/12/6,1647418
23,ツエーゲン金沢,四宮　悠成,2003/1/11,1650532
25,ツエーゲン金沢,小島　雅也,1997/11/9,1500945
26,ツエーゲン金沢,村田　迅,2002/9/18,1650533
27,ツエーゲン金沢,鈴木　遼,2004/2/21,1642077
29,ツエーゲン金沢,宮崎　海冬,2002/12/24,1635563
30,ツエーゲン金沢,大谷　駿斗,1997/1/17,1620723
31,ツエーゲン金沢,上田　樹,2001/6/28,1618637
38,ツエーゲン金沢,山本　義道,1995/7/25,1611471
39,ツエーゲン金沢,庄司　朋乃也,1997/10/8,1401517
41,ツエーゲン金沢,嶋田　慎太郎,1995/12/5,1300440
50,ツエーゲン金沢,後藤　大輝,1996/6/14,1401475
51,ツエーゲン金沢,元林　隼太朗,2008/5/22,1656197
55,ツエーゲン金沢,松本　大輔,1998/9/10,1629923
71,ツエーゲン金沢,櫻井　風我,2000/9/11,1635338
3,ＦＣ岐阜,萩野　滉大,2000/6/20,1618634
4,ＦＣ岐阜,甲斐　健太郎,1994/11/1,1604304
5,ＦＣ岐阜,加藤　慎太郎,1999/10/18,1636282
6,ＦＣ岐阜,福田　晃斗,1992/5/1,1300934
7,ＦＣ岐阜,文　仁柱,1999/8/22,1636309
8,ＦＣ岐阜,荒木　大吾,1994/2/17,1600266
9,ＦＣ岐阜,中村　駿,1994/2/24,1600147
10,ＦＣ岐阜,北　龍磨,1998/4/16,1632266
11,ＦＣ岐阜,ブヴィク　ムシティ　オコ,1995/1/28,1653089
14,ＦＣ岐阜,生地　慶充,1998/4/2,1601447
15,ＦＣ岐阜,山田　直輝,1990/7/4,800758
17,ＦＣ岐阜,川本　梨誉,2001/6/11,1625298
18,ＦＣ岐阜,ワッド　モハメッドサディキ,2006/5/29,1644758
19,ＦＣ岐阜,松本　歩夢,1998/4/28,1601440
21,ＦＣ岐阜,横山　智也,2000/9/1,1640671
23,ＦＣ岐阜,外山　凌,1994/7/29,1607286
25,ＦＣ岐阜,チョン　ヒョンホ,2004/11/26,1655875
26,ＦＣ岐阜,大串　昇平,2002/9/21,1627451
27,ＦＣ岐阜,羽田　健人,1997/7/7,1625668
30,ＦＣ岐阜,山口　畝良,2002/10/9,1647280
31,ＦＣ岐阜,セランテス,1989/10/24,1624360
34,ＦＣ岐阜,湯岑　滉生,2004/3/12,1653366
39,ＦＣ岐阜,泉澤　仁,1991/12/17,1300917
40,ＦＣ岐阜,平瀬　大,2001/3/28,1618869
51,ＦＣ岐阜,菅沼　一晃,2001/9/12,1641149
66,ＦＣ岐阜,キム　ユゴン,2006/3/28,1650527
77,ＦＣ岐阜,山谷　侑士,2000/6/11,1622679
79,ＦＣ岐阜,藤田　准也,2007/7/26,1655874
85,ＦＣ岐阜,箱崎　達也,2002/8/13,1650528
98,ＦＣ岐阜,屋嘉比　奏汰,2004/3/11,1647286
99,ＦＣ岐阜,ファビオ　アゼヴェド,1999/1/4,1656194
1,レイラック滋賀ＦＣ,伊東　倖希,1996/5/17,1627355
2,レイラック滋賀ＦＣ,平井　駿助,2002/9/7,1630163
3,レイラック滋賀ＦＣ,宮城　雅史,1991/1/19,1500559
4,レイラック滋賀ＦＣ,井出　敬大,2001/8/18,1627353
5,レイラック滋賀ＦＣ,西山　大雅,1999/8/24,1605605
6,レイラック滋賀ＦＣ,薬真寺　孝弥,1999/3/7,1619682
7,レイラック滋賀ＦＣ,久保田　和音,1997/1/1,1500436
8,レイラック滋賀ＦＣ,中村　健人,1997/9/1,1629515
9,レイラック滋賀ＦＣ,森本　ヒマン,1997/5/1,1619692
10,レイラック滋賀ＦＣ,人見　拓哉,1997/12/18,1629486
11,レイラック滋賀ＦＣ,三宅　海斗,1997/8/27,1627454
13,レイラック滋賀ＦＣ,小泉　隆斗,1994/9/5,1645928
14,レイラック滋賀ＦＣ,白石　智之,1993/6/10,1607212
15,レイラック滋賀ＦＣ,菊島　卓,1993/12/31,1630103
16,レイラック滋賀ＦＣ,鈴木　翔太,2000/10/8,1654341
17,レイラック滋賀ＦＣ,木下　礼生,2002/9/25,1654342
18,レイラック滋賀ＦＣ,秋山　駿,1999/8/26,1654343
21,レイラック滋賀ＦＣ,櫛引　政敏,1993/1/29,1100187
22,レイラック滋賀ＦＣ,庄司　一輝,2000/12/28,1638661
23,レイラック滋賀ＦＣ,竜田　柊士,1998/12/5,1654344
24,レイラック滋賀ＦＣ,ロメロ　フランク,1987/8/19,800936
26,レイラック滋賀ＦＣ,角田　駿,1996/9/24,1654345
28,レイラック滋賀ＦＣ,田部井　悠,1999/6/25,1632791
29,レイラック滋賀ＦＣ,日野　友貴,1997/6/15,1630015
31,レイラック滋賀ＦＣ,笠原　淳,1989/7/21,1400260
32,レイラック滋賀ＦＣ,海口　彦太,1996/12/9,1627399
35,レイラック滋賀ＦＣ,南　拓都,2002/5/9,1632223
36,レイラック滋賀ＦＣ,前川　智敬,1999/4/7,1612697
41,レイラック滋賀ＦＣ,本吉　勇貴,1992/9/22,1647176
44,レイラック滋賀ＦＣ,藤谷　壮,1997/10/28,1400733
47,レイラック滋賀ＦＣ,渡邉　綾平,2002/2/8,1635463
48,レイラック滋賀ＦＣ,谷田　壮志朗,2005/7/10,1639136
55,レイラック滋賀ＦＣ,小野寺　健也,1997/11/18,1629433
77,レイラック滋賀ＦＣ,北條　真汰,2001/5/20,1654346
99,レイラック滋賀ＦＣ,奥田　陽琉,2001/5/23,1632790
1,ＦＣ大阪,菅原　大道,1995/8/10,1636294
2,ＦＣ大阪,坂本　翔,2000/9/6,1640845
4,ＦＣ大阪,山下　諒時,2000/5/11,1618860
5,ＦＣ大阪,水口　湧斗,2000/6/16,1640667
6,ＦＣ大阪,舘野　俊祐,1993/5/19,1200051
7,ＦＣ大阪,木匠　貴大,1993/4/7,1625702
8,ＦＣ大阪,芳賀　日陽,2000/7/30,1618668
9,ＦＣ大阪,島田　拓海,1996/8/25,1624570
10,ＦＣ大阪,久保　吏久斗,1997/1/23,1626967
11,ＦＣ大阪,堤　奏一郎,2001/10/5,1645936
13,ＦＣ大阪,美馬　和也,1997/12/1,1630070
14,ＦＣ大阪,住田　将,1999/8/19,1635555
15,ＦＣ大阪,福井　和樹,2001/6/13,1644449
16,ＦＣ大阪,田中　恵太,1989/12/26,1400218
18,ＦＣ大阪,夏川　大和,2001/9/19,1645934
19,ＦＣ大阪,増田　隼司,1998/8/13,1632385
20,ＦＣ大阪,咲本　大,2007/7/26,1655832
21,ＦＣ大阪,木村　大輝,2003/5/10,1655831
23,ＦＣ大阪,秋山　拓也,1994/8/26,1617897
25,ＦＣ大阪,桑子　流空,2003/6/29,1643207
26,ＦＣ大阪,土肥　航大,2001/4/13,1622842
27,ＦＣ大阪,和田　育,2000/12/19,1632746
28,ＦＣ大阪,東家　聡樹,1997/4/20,1629477
29,ＦＣ大阪,菅原　龍之助,2000/7/28,1618859
30,ＦＣ大阪,韓　峻領,2007/3/1,1656018
31,ＦＣ大阪,関沼　海亜,2005/5/30,1645999
32,ＦＣ大阪,鳥山　陽斗,2008/2/27,1655834
33,ＦＣ大阪,馬　尚勳,1991/7/25,1655830
35,ＦＣ大阪,申　奎元,2003/5/21,1656187
36,ＦＣ大阪,森村　俊太,2003/4/9,1651268
37,ＦＣ大阪,家坂　葉光,2002/9/26,1641614
38,ＦＣ大阪,李　韓喜,2007/7/4,1656839
39,ＦＣ大阪,川田　太陽,2007/8/12,1655833
40,ＦＣ大阪,川上　竜,1994/10/25,1609244
41,ＦＣ大阪,野瀬　龍世,2000/2/8,1635016
42,ＦＣ大阪,アンジェリーニ,2004/8/10,1653376
66,ＦＣ大阪,金　潤識,2003/7/21,1651510
77,ＦＣ大阪,吉田　源太郎,2000/10/26,1637296
82,ＦＣ大阪,後東　尚輝,2002/4/26,1627748
88,ＦＣ大阪,松本　孝平,1994/7/31,1607200
98,ＦＣ大阪,長野　大河,2003/9/20,1656188
99,ＦＣ大阪,ヴィニシウス　ソウザ,2003/3/26,1651465
1,奈良クラブ,宮澤　樹,2003/5/12,1652496
2,奈良クラブ,高畠　捷,2003/7/4,1637069
5,奈良クラブ,鈴木　大誠,1996/5/28,1611122
7,奈良クラブ,田村　亮介,1995/5/8,1400102
8,奈良クラブ,吉田　新,2000/6/29,1635548
9,奈良クラブ,富樫　佑太,1995/12/18,1500947
10,奈良クラブ,森田　凜,2002/2/14,1624685
11,奈良クラブ,佐藤　諒,1997/9/24,1636292
14,奈良クラブ,望月　想空,2001/4/3,1645938
15,奈良クラブ,岡田　慎司,1996/3/10,1627433
16,奈良クラブ,奥田　雄大,1997/5/1,1629474
17,奈良クラブ,田村　翔太,1995/2/4,1300064
18,奈良クラブ,後藤　卓磨,1997/7/16,1632279
19,奈良クラブ,関口　智也,2007/6/19,1646178
20,奈良クラブ,國武　勇斗,2005/12/20,1644023
21,奈良クラブ,戸水　利紀,2002/9/30,1650524
22,奈良クラブ,生駒　稀生,1997/11/21,1644237
27,奈良クラブ,中山　雅斗,2001/12/9,1647086
28,奈良クラブ,川井　大地,2006/8/14,1646673
29,奈良クラブ,一村　聖連,2004/1/17,1647329
33,奈良クラブ,佐藤　大翔,2002/12/24,1646519
36,奈良クラブ,石井　大生,2003/12/29,1629916
37,奈良クラブ,濵名　元希,2008/7/29,1655932
40,奈良クラブ,吉村　弦,1996/5/21,1624397
42,奈良クラブ,岡﨑　大志郎,2002/6/29,1652461
47,奈良クラブ,オラスンカンミ,2007/7/21,1655848
49,奈良クラブ,黒川　雷平,2003/6/7,1630170
50,奈良クラブ,芝本　蓮,1999/7/22,1608814
54,奈良クラブ,川﨑　修平,2001/4/28,1626011
96,奈良クラブ,マルク　ヴィト,1996/3/10,1646001
1,ガイナーレ鳥取,寺沢　優太,1993/7/31,1624568
2,ガイナーレ鳥取,藤田　一途,1999/6/30,1607215
3,ガイナーレ鳥取,ヴァンイヤーデン　ショーン,2004/4/16,1637145
4,ガイナーレ鳥取,二階堂　正哉,2000/11/2,1640664
6,ガイナーレ鳥取,温井　駿斗,1996/11/14,1401485
7,ガイナーレ鳥取,小澤　秀充,1999/4/28,1636277
8,ガイナーレ鳥取,東條　敦輝,2000/12/28,1618865
9,ガイナーレ鳥取,篠田　大輝,2003/8/14,1651530
10,ガイナーレ鳥取,三木　直土,2001/5/8,1624678
13,ガイナーレ鳥取,清水　祐輔,2001/5/13,1637092
14,ガイナーレ鳥取,河村　匠,2000/9/13,1640626
15,ガイナーレ鳥取,木内　達也,2002/4/7,1636981
16,ガイナーレ鳥取,田制　裕作,2003/10/6,1644024
18,ガイナーレ鳥取,荒井　涼,2003/7/1,1641671
19,ガイナーレ鳥取,山本　颯太,2004/12/4,1656195
21,ガイナーレ鳥取,矢島　慎也,1994/1/18,1100996
22,ガイナーレ鳥取,吉田　伊吹,1997/11/1,1627749
23,ガイナーレ鳥取,ダッジィ　コジョ,2001/11/12,1650794
24,ガイナーレ鳥取,星　景虎,2003/7/4,1641573
27,ガイナーレ鳥取,本保　奏希,2003/10/28,1637127
28,ガイナーレ鳥取,金　世明,2006/6/16,1651273
32,ガイナーレ鳥取,高柳　郁弥,2000/10/4,1637079
34,ガイナーレ鳥取,鄭　翔英,2003/10/1,1656124
35,ガイナーレ鳥取,長谷川　夢叶,2007/7/22,1646370
39,ガイナーレ鳥取,香取　潤,2003/7/10,1655800
42,ガイナーレ鳥取,金浦　真樹,1999/12/10,1635529
47,ガイナーレ鳥取,桃井　玲,2002/11/13,1653071
55,ガイナーレ鳥取,大嶋　春樹,2000/7/11,1640665
66,ガイナーレ鳥取,ムン　ミン,2005/2/4,1655801
72,ガイナーレ鳥取,チャ　ウォンジュン,2006/7/25,1655802
77,ガイナーレ鳥取,橋本　清太郎,2003/7/15,1653375
88,ガイナーレ鳥取,バーンズ　アントン,2003/10/1,1632427
2,レノファ山口ＦＣ,小澤　亮太,2002/12/20,1648837
3,レノファ山口ＦＣ,大岩　一貴,1989/8/17,1101478
4,レノファ山口ＦＣ,中島　賢星,1996/9/23,1500465
5,レノファ山口ＦＣ,喜岡　佳太,1997/10/5,1629505
6,レノファ山口ＦＣ,輪笠　祐士,1996/2/9,1618072
7,レノファ山口ＦＣ,三沢　直人,1995/7/7,1618081
8,レノファ山口ＦＣ,野寄　和哉,2000/6/26,1639187
10,レノファ山口ＦＣ,池上　丈二,1994/11/6,1607362
11,レノファ山口ＦＣ,藤岡　浩介,1994/8/13,1300038
13,レノファ山口ＦＣ,宮吉　拓実,1992/8/7,800625
14,レノファ山口ＦＣ,下堂　竜聖,1996/4/17,1630085
15,レノファ山口ＦＣ,板倉　洸,1998/4/6,1632366
16,レノファ山口ＦＣ,糸原　紘史郎,1998/2/25,1627549
17,レノファ山口ＦＣ,田邉　光平,2001/10/9,1641540
18,レノファ山口ＦＣ,亀川　諒史,1993/5/28,1200043
19,レノファ山口ＦＣ,山本　駿亮,1999/3/24,1632224
20,レノファ山口ＦＣ,末永　透瑛,2005/10/13,1638524
21,レノファ山口ＦＣ,チェ　ヒョンチャン,2001/3/12,1640601
22,レノファ山口ＦＣ,奥山　洋平,1999/10/28,1636495
24,レノファ山口ＦＣ,沼田　航征,2002/1/12,1627191
25,レノファ山口ＦＣ,藤森　颯太,2003/7/17,1636958
27,レノファ山口ＦＣ,水口　飛呂,2002/1/14,1643203
28,レノファ山口ＦＣ,小林　成豪,1994/1/8,1400649
34,レノファ山口ＦＣ,古川　大悟,1999/9/15,1607221
36,レノファ山口ＦＣ,西堂　久俊,2001/3/27,1624329
37,レノファ山口ＦＣ,山ノ井　拓己,1998/10/25,1500391
38,レノファ山口ＦＣ,田所　莉旺,2006/4/8,1651269
40,レノファ山口ＦＣ,成岡　輝瑠,2002/7/28,1622191
41,レノファ山口ＦＣ,飯田　雅浩,2000/10/5,1635494
49,レノファ山口ＦＣ,峰田　祐哉,2002/12/1,1646804
77,レノファ山口ＦＣ,山本　龍平,2000/7/16,1624335
81,レノファ山口ＦＣ,木村　有磨,2007/2/5,1650546
88,レノファ山口ＦＣ,野村　直輝,1991/4/17,1400084
98,レノファ山口ＦＣ,アレフ　フィルミーノ,1998/3/16,1652780
99,レノファ山口ＦＣ,遠藤　雅己,2001/3/1,1635580
1,カマタマーレ讃岐,今村　勇介,1999/5/23,1636376
3,カマタマーレ讃岐,井林　章,1990/9/5,1200349
4,カマタマーレ讃岐,辻岡　招真,2004/3/5,1655869
5,カマタマーレ讃岐,國分　将,1995/5/14,1624409
6,カマタマーレ讃岐,宮﨑　慎,2003/8/30,1655866
7,カマタマーレ讃岐,江口　直生,1992/3/22,1400111
8,カマタマーレ讃岐,森　勇人,1995/4/21,1400058
10,カマタマーレ讃岐,川西　翔太,1988/10/28,1100175
11,カマタマーレ讃岐,佐野　竜眞,2004/2/16,1655868
13,カマタマーレ讃岐,前川　大河,1996/6/13,1401442
14,カマタマーレ讃岐,石倉　潤征,2003/3/3,1650523
15,カマタマーレ讃岐,岩本　和希,1997/4/7,1500572
16,カマタマーレ讃岐,有田　朱里,1999/5/29,1607147
17,カマタマーレ讃岐,牧山　晃政,2000/12/10,1635505
18,カマタマーレ讃岐,李　眞雨,2003/3/14,1652843
20,カマタマーレ讃岐,イ　ギサン,2003/12/8,1655865
22,カマタマーレ讃岐,大野　耀平,1994/12/6,1607205
23,カマタマーレ讃岐,高橋　クリス,2002/1/11,1646405
24,カマタマーレ讃岐,上野　輝人,2000/9/14,1640672
27,カマタマーレ讃岐,柳　雄太郎,1995/9/18,1618083
29,カマタマーレ讃岐,田尾　佳祐,2003/11/18,1635317
30,カマタマーレ讃岐,岡　英輝,2003/5/26,1632991
33,カマタマーレ讃岐,河上　将平,1997/10/26,1629451
35,カマタマーレ讃岐,左合　修土,2002/2/6,1645977
39,カマタマーレ讃岐,原野　楼惟,2007/5/6,1655867
40,カマタマーレ讃岐,高嶋　修也,2000/4/24,1635455
44,カマタマーレ讃岐,林田　魁斗,2001/8/29,1624850
60,カマタマーレ讃岐,森川　裕基,1993/1/7,1500509
66,カマタマーレ讃岐,禹　相皓,1992/12/7,1604116
77,カマタマーレ讃岐,村上　悠緋,2000/12/19,1635015
86,カマタマーレ讃岐,淺田　彗潤,2004/2/12,1647386
90,カマタマーレ讃岐,後藤　優介,1993/4/23,1200049
1,愛媛ＦＣ,徳重　健太,1984/3/9,4403
3,愛媛ＦＣ,山原　康太郎,2000/9/19,1637043
5,愛媛ＦＣ,黒石　貴哉,1997/2/24,1626957
6,愛媛ＦＣ,谷岡　昌,2001/7/14,1642624
7,愛媛ＦＣ,曽根田　穣,1994/8/29,1607085
9,愛媛ＦＣ,藤本　佳希,1994/2/3,1600201
10,愛媛ＦＣ,佐藤　亮,1997/11/24,1604181
11,愛媛ＦＣ,藤原　悠汰,1999/4/9,1635329
13,愛媛ＦＣ,山下　雄大,2000/8/23,1632789
14,愛媛ＦＣ,斉藤　涼優,2003/2/15,1652210
16,愛媛ＦＣ,細谷　航平,2001/12/11,1615268
17,愛媛ＦＣ,田口　裕也,2001/4/8,1629431
22,愛媛ＦＣ,竹本　雄飛,1997/8/19,1629413
24,愛媛ＦＣ,宮本　航汰,1996/6/19,1400297
26,愛媛ＦＣ,金沢　一矢,2002/10/31,1646369
27,愛媛ＦＣ,舩橋　京汰,2005/7/31,1641393
31,愛媛ＦＣ,白坂　楓馬,1996/12/5,1626032
36,愛媛ＦＣ,辻　周吾,1997/7/21,1600209
37,愛媛ＦＣ,石尾　崚雅,2000/5/18,1618639
38,愛媛ＦＣ,日野　翔太,2002/10/16,1635402
39,愛媛ＦＣ,武藤　寛,2003/9/2,1647287
41,愛媛ＦＣ,大坪　謙也,2003/6/5,1655810
44,愛媛ＦＣ,森山　公弥,2002/4/4,1630210
45,愛媛ＦＣ,牧口　一真,2004/9/8,1636793
48,愛媛ＦＣ,行友　翔哉,2005/1/5,1636795
49,愛媛ＦＣ,阿部　稜汰,2001/7/7,1635342
50,愛媛ＦＣ,杉山　耕二,1998/4/19,1636293
51,愛媛ＦＣ,アデオラ　デイビッド,2007/6/26,1656654
55,愛媛ＦＣ,西条　将太,2006/2/1,1656730
57,愛媛ＦＣ,仙波　隼太郎,2009/4/27,1652433
58,愛媛ＦＣ,平野　皓大,2009/9/25,1656157
70,愛媛ＦＣ,前田　椋介,1998/3/2,1629441
88,愛媛ＦＣ,山口　太陽,2006/8/18,1643393
99,愛媛ＦＣ,樺山　諒乃介,2002/9/17,1630132
1,高知ユナイテッドＳＣ,大野　来生,2001/9/2,1647059
3,高知ユナイテッドＳＣ,福宮　弘乃介,1998/4/8,1651139
4,高知ユナイテッドＳＣ,小林　大智,1999/1/7,1632370
5,高知ユナイテッドＳＣ,深川　大輔,1999/6/2,1636288
7,高知ユナイテッドＳＣ,金原　朝陽,2000/9/24,1627826
8,高知ユナイテッドＳＣ,高野　裕維,2000/8/4,1647557
9,高知ユナイテッドＳＣ,新谷　聖基,1998/6/12,1647558
10,高知ユナイテッドＳＣ,佐々木　敦河,1998/6/19,1647559
11,高知ユナイテッドＳＣ,三好　麟大,2003/3/2,1624265
13,高知ユナイテッドＳＣ,河田　篤秀,1992/9/18,1400651
14,高知ユナイテッドＳＣ,関野　元弥,1999/3/10,1625634
16,高知ユナイテッドＳＣ,上月　翔聖,2000/2/1,1640608
17,高知ユナイテッドＳＣ,猪瀬　康介,2000/12/25,1617489
18,高知ユナイテッドＳＣ,青戸　翔,1996/8/9,1636296
20,高知ユナイテッドＳＣ,杉山　伶央,2000/3/4,1636325
21,高知ユナイテッドＳＣ,永田　陸,2003/9/11,1636952
22,高知ユナイテッドＳＣ,藤森　隆汰,2000/9/16,1647186
23,高知ユナイテッドＳＣ,松本　大地,2003/6/1,1641596
24,高知ユナイテッドＳＣ,岡澤　韻生,2002/8/16,1650807
26,高知ユナイテッドＳＣ,浅野　良啓,2003/12/31,1651546
27,高知ユナイテッドＳＣ,坂岸　寛大,2002/1/18,1642045
30,高知ユナイテッドＳＣ,加藤　佑太郎,2004/2/10,1655805
31,高知ユナイテッドＳＣ,工藤　真人,2001/5/7,1618767
33,高知ユナイテッドＳＣ,長　疾風,2007/8/17,1646921
39,高知ユナイテッドＳＣ,星　キョーワァン,1997/6/25,1619669
73,高知ユナイテッドＳＣ,田中　稔也,1997/12/2,1400360
76,高知ユナイテッドＳＣ,三門　雄大,1986/12/26,800926
88,高知ユナイテッドＳＣ,濱　託巳,1996/9/11,1624400
99,高知ユナイテッドＳＣ,村田　侑大,2005/9/9,1655806
1,ギラヴァンツ北九州,伊藤　剛,1994/3/23,1502762
2,ギラヴァンツ北九州,奈良坂　巧,2002/7/6,1631671
4,ギラヴァンツ北九州,長谷川　光基,1999/4/27,1609242
6,ギラヴァンツ北九州,星　広太,1992/7/27,1500446
7,ギラヴァンツ北九州,平原　隆暉,2003/5/1,1636268
8,ギラヴァンツ北九州,吉長　真優,2002/3/20,1629476
9,ギラヴァンツ北九州,河辺　駿太郎,1996/5/26,1632369
10,ギラヴァンツ北九州,永井　龍,1991/5/23,1000051
13,ギラヴァンツ北九州,熊澤　和希,2001/1/13,1633172
14,ギラヴァンツ北九州,井澤　春輝,1999/6/14,1612654
16,ギラヴァンツ北九州,丸山　壮大,1999/6/25,1636283
17,ギラヴァンツ北九州,岡野　凜平,2000/9/15,1640641
18,ギラヴァンツ北九州,渡邉　颯太,2002/3/1,1645965
19,ギラヴァンツ北九州,吉原　楓人,2006/9/20,1643446
21,ギラヴァンツ北九州,牛之濵　拓,1992/7/14,1100197
22,ギラヴァンツ北九州,生駒　仁,1999/7/1,1617895
23,ギラヴァンツ北九州,前田　稜太,2004/1/22,1653195
24,ギラヴァンツ北九州,平松　昇,1998/11/26,1630161
25,ギラヴァンツ北九州,坪郷　来紀,2004/10/11,1640643
28,ギラヴァンツ北九州,木實　快斗,2007/2/27,1647895
29,ギラヴァンツ北九州,高　昇辰,2000/10/10,1640635
30,ギラヴァンツ北九州,福森　健太,1994/7/4,1604082
31,ギラヴァンツ北九州,大谷　幸輝,1989/4/8,600708
37,ギラヴァンツ北九州,吉田　晃盛,2003/7/17,1651451
39,ギラヴァンツ北九州,谷口　璃成,2003/6/7,1636254
40,ギラヴァンツ北九州,官澤　琉汰,2005/10/31,1645966
41,ギラヴァンツ北九州,杉本　光希,2001/8/17,1624680
42,ギラヴァンツ北九州,世良　務,2006/4/17,1646561
51,ギラヴァンツ北九州,坂下　湧太郎,2007/8/6,1652498
66,ギラヴァンツ北九州,髙橋　大悟,1999/4/17,1617963
96,ギラヴァンツ北九州,西袋　裕太,1994/9/6,1645979
1,ロアッソ熊本,佐藤　史騎,2001/11/1,1641507
2,ロアッソ熊本,黒木　晃平,1989/7/31,1000193
3,ロアッソ熊本,大西　遼太郎,1997/11/24,1624509
4,ロアッソ熊本,薬師田　澪,2003/10/17,1639771
5,ロアッソ熊本,小林　慶太,2003/1/30,1631747
6,ロアッソ熊本,岩下　航,1999/4/1,1631772
7,ロアッソ熊本,藤井　皓也,2001/8/29,1642047
8,ロアッソ熊本,上村　周平,1995/10/15,1300451
10,ロアッソ熊本,鹿取　勇斗,2003/11/11,1655793
11,ロアッソ熊本,ベ　ジョンミン,2001/6/16,1645922
13,ロアッソ熊本,飯星　明良,2002/11/8,1650519
14,ロアッソ熊本,石原　央羅,2002/6/18,1647350
15,ロアッソ熊本,三島　頌平,1995/11/20,1618094
16,ロアッソ熊本,武者　大夢,1999/1/7,1632986
17,ロアッソ熊本,永井　颯太,1999/8/15,1633168
18,ロアッソ熊本,半代　将都,2002/4/10,1628702
19,ロアッソ熊本,渡邉　怜歩,2003/2/6,1647675
21,ロアッソ熊本,西村　遥己,2003/4/19,1636523
22,ロアッソ熊本,松田　詠太郎,2001/5/20,1629502
23,ロアッソ熊本,佐藤　優也,1986/2/10,400737
24,ロアッソ熊本,李　泰河,2003/1/16,1650522
25,ロアッソ熊本,那須　健一,2003/10/2,1647285
26,ロアッソ熊本,戸田　峻平,2004/1/16,1647667
27,ロアッソ熊本,根岸　恵汰,2002/7/12,1650520
28,ロアッソ熊本,吉岡　優希,2003/8/19,1646514
30,ロアッソ熊本,長嶋　志歩,2006/4/21,1650521
31,ロアッソ熊本,永野　春樹,2008/6/12,1656856
35,ロアッソ熊本,伊藤　颯真,2001/7/18,1651811
39,ロアッソ熊本,青木　俊輔,2003/1/8,1635460
41,ロアッソ熊本,大本　祐槻,1994/9/24,1607294
1,鹿児島ユナイテッドＦＣ,藤嶋　栄介,1992/1/31,1200950
2,鹿児島ユナイテッドＦＣ,嵯峨　理久,1998/5/27,1636323
3,鹿児島ユナイテッドＦＣ,杉井　颯,2000/5/17,1620803
4,鹿児島ユナイテッドＦＣ,広瀬　健太,1992/6/26,1500473
5,鹿児島ユナイテッドＦＣ,山田　裕翔,2001/7/19,1636997
7,鹿児島ユナイテッドＦＣ,千布　一輝,1995/7/13,1400106
8,鹿児島ユナイテッドＦＣ,藤村　慶太,1993/9/2,1200010
9,鹿児島ユナイテッドＦＣ,有田　稜,1999/8/28,1635500
10,鹿児島ユナイテッドＦＣ,武　星弥,2004/10/15,1639220
11,鹿児島ユナイテッドＦＣ,福田　望久斗,2000/2/20,1636272
14,鹿児島ユナイテッドＦＣ,吉尾　虹樹,2001/4/25,1635454
16,鹿児島ユナイテッドＦＣ,村松　航太,1997/8/22,1629517
18,鹿児島ユナイテッドＦＣ,河村　慶人,1999/9/11,1635233
19,鹿児島ユナイテッドＦＣ,稲葉　修土,1993/6/29,1503565
20,鹿児島ユナイテッドＦＣ,圓道　将良,1999/10/26,1635470
21,鹿児島ユナイテッドＦＣ,川上　康平,2001/4/24,1637074
23,鹿児島ユナイテッドＦＣ,小島　凛士郎,2005/5/1,1630223
26,鹿児島ユナイテッドＦＣ,川島　功奨,2002/5/27,1647382
32,鹿児島ユナイテッドＦＣ,梅木　翔斗,2004/10/6,1656196
33,鹿児島ユナイテッドＦＣ,山崎　倫,2003/5/20,1634098
35,鹿児島ユナイテッドＦＣ,江川　慶城,2000/4/2,1624359
36,鹿児島ユナイテッドＦＣ,米澤　令衣,1996/7/20,1400732
37,鹿児島ユナイテッドＦＣ,川上　篤人,2009/7/22,1656726
38,鹿児島ユナイテッドＦＣ,上高原　奏輝,2008/8/24,1656727
39,鹿児島ユナイテッドＦＣ,外山　鉄馬,2009/10/27,1656859
41,鹿児島ユナイテッドＦＣ,三品　直哉,2003/4/23,1645029
44,鹿児島ユナイテッドＦＣ,青木　義孝,1998/9/2,1605080
55,鹿児島ユナイテッドＦＣ,中山　桂吾,2003/12/14,1655792
73,鹿児島ユナイテッドＦＣ,熊倉　匠,2002/7/30,1635559
1,ＦＣ琉球,佐藤　久弥,1998/4/4,1632234
3,ＦＣ琉球,菊地　脩太,2003/8/16,1635021
4,ＦＣ琉球,藤春　廣輝,1988/11/28,1100176
5,ＦＣ琉球,モハメド　バイ　カマラ,2005/1/10,1656862
6,ＦＣ琉球,志慶眞　巧洋,2007/12/30,1652451
7,ＦＣ琉球,茂木　駿佑,1996/10/2,1400756
8,ＦＣ琉球,堀内　颯人,1996/7/3,1626020
9,ＦＣ琉球,浅川　隼人,1995/5/10,1618079
10,ＦＣ琉球,富所　悠,1990/4/21,800136
11,ＦＣ琉球,石浦　大雅,2001/11/22,1627750
13,ＦＣ琉球,岩本　翔,2001/3/18,1610936
14,ＦＣ琉球,鈴木　順也,1996/5/2,1624364
15,ＦＣ琉球,荒木　遼太,2000/12/16,1640485
16,ＦＣ琉球,井堀　二昭,2001/4/16,1644483
17,ＦＣ琉球,加藤　悠馬,2001/12/15,1635391
18,ＦＣ琉球,上野　瑶介,1998/10/9,1645959
19,ＦＣ琉球,佐藤　未勇,2000/7/19,1640637
21,ＦＣ琉球,梅田　陸空,2000/10/27,1640266
22,ＦＣ琉球,神谷　凱士,1997/6/16,1629415
23,ＦＣ琉球,曽田　一騎,2000/1/9,1640613
25,ＦＣ琉球,堀内　陽太,2004/7/8,1640478
26,ＦＣ琉球,カル　ジェニングス,1997/5/17,1656017
27,ＦＣ琉球,船橋　勇真,1997/11/13,1629497
28,ＦＣ琉球,津覇　実樹,2005/1/24,1638468
32,ＦＣ琉球,成田　安里,2002/12/6,1651470
33,ＦＣ琉球,宮本　流維,2004/3/3,1655791
35,ＦＣ琉球,千葉　和彦,1985/6/21,500913
39,ＦＣ琉球,庵原　篤人,2001/6/13,1645953
40,ＦＣ琉球,亀谷　怜生,2008/10/30,1656749
41,ＦＣ琉球,渡久地　希来,2009/1/21,1656750
46,ＦＣ琉球,池田　廉,1997/11/10,1629485
50,ＦＣ琉球,川島　康暉,1999/10/20,1636845
89,ＦＣ琉球,高木　大輔,1995/10/14,1100266
,,,1995/10/14,